17063,52533,"17099,17197,17093,17091,17105"
17109,27238,"17057,17067,17071,17187,17169"
17127,14169,"17153,17087,17151"
17073,49284,"17195,17095,17011,17175,17131,17161"
17061,11985,"17117,17149,17013,17137,17083,17171"
17157,30163,"17145,17189,17077,17163,17133"
17149,14739,"17013,17061,17137,17009,17001,17171"
17203,38467,"17099,17105,17143,17179,17123,17113"
17145,20945,"17189,17077,17055,17081,17157"
17087,13308,"17165,17199,17153,17127,17151,17181"
17173,20990,"17115,17139,17029,17035,17021,17135,17051,17049"
17051,21488,"17173,17005,17135,17121,17025,17049,17027"
17201,285350,"17007,17141,17177"
17141,51788,"17037,17015,17195,17103,17201,17177"
17139,14526,"17115,17173,17147,17029,17041"
17017,13042,"17167,17129,17125,17137,17009,17169"
17167,196343,"17115,17117,17107,17021,17135,17129,17017,17137"
17179,131343,"17143,17203,17057,17113,17107,17125"
17099,109658,"17037,17103,17063,17093,17105,17011,17123,17203,17155"
17183,74188,"17075,17053,17019,17045"
17007,53448,"17037,17111,17201"
17137,32915,"17117,17167,17149,17061,17017,17009,17171"
17123,11742,"17099,17143,17011,17203,17175,17155"
17079,9287,"17035,17023,17025,17049,17033,17159"
17013,4437,"17149,17061,17083"
17121,37729,"17191,17025,17051,17189,17027,17081"
17187,16835,"17095,17057,17071,17109,17131"
17197,696355,"17031,17043,17063,17093,17091"
17153,5193,"17003,17127,17087,17181"
17119,265859,"17117,17005,17135,17083,17027,17163"
17133,34962,"17157,17163"
17003,5240,"17153,17181"
17043,932877,"17031,17089,17197,17093"
17165,23768,"17059,17065,17055,17199,17087,17151,17069"
17097,714342,"17111,17031"
17117,44967,"17119,17167,17135,17061,17137,17083"
17195,55691,"17015,17141,17103,17073,17011,17161"
17107,27987,"17179,17113,17115,17039,17167,17129,17125"
17081,37113,"17065,17191,17121,17145,17189,17055"
17101,15280,"17185,17033,17159"
17143,181830,"17095,17179,17123,17203,17057,17175"
17019,205865,"17053,17113,17147,17183,17041"
17045,16866,"17029,17023,17183,17041"
17021,34032,"17115,17173,17167,17135"
17095,49967,"17073,17143,17057,17175,17187,17131"
17111,310229,"17037,17007,17031,17097,17089"
17015,15702,"17195,17141,17177,17085"
17047,6245,"17185,17193,17191,17159"
17071,6387,"17067,17109,17187,17131"
17077,52974,"17145,17055,17157,17199,17181"
17067,17620,"17071,17109,17001,17169"
17025,13288,"17191,17121,17079,17051,17049,17159"
17185,11361,"17047,17193,17101,17159"
17113,170954,"17053,17105,17179,17203,17147,17039,17019,17107"
17005,16725,"17119,17135,17051,17027"
17009,6244,"17149,17017,17137,17001,17169"
17083,21512,"17117,17119,17013,17061"
17147,16673,"17113,17115,17139,17039,17019,17041"
17151,3763,"17165,17127,17087,17069"
17011,33244,"17195,17103,17099,17073,17123,17175,17155"
17029,46863,"17173,17139,17035,17023,17045,17041"
17131,15699,"17095,17073,17071,17187,17161"
17049,34668,"17173,17035,17025,17079,17051"
17035,10450,"17173,17029,17023,17079,17049"
17033,18679,"17023,17101,17079,17159"
17057,33609,"17095,17143,17179,17109,17187,17125,17169"
17135,28288,"17173,17117,17119,17005,17167,17021,17051"
17115,103998,"17173,17139,17147,17039,17167,17107,17021"
17055,37804,"17065,17165,17145,17077,17081,17199"
17023,15455,"17029,17035,17045,17079,17033"
17161,144672,"17195,17073,17131"
17093,131869,"17037,17043,17089,17099,17063,17197"
17031,5275541,"17111,17043,17097,17089,17197"
17059,4946,"17193,17065,17165,17069"
17103,34145,"17037,17195,17141,17099,17011"
17037,100420,"17007,17111,17089,17141,17103,17099,17093"
17175,5400,"17095,17073,17143,17011,17123"
17001,65737,"17067,17149,17009,17169"
17075,27077,"17053,17091,17183"
17053,13534,"17075,17091,17105,17113,17019,17183"
17041,19740,"17139,17147,17029,17019,17045"
17163,257400,"17119,17189,17027,17157,17133"
17189,13761,"17121,17145,17027,17081,17157,17163"
17171,4949,"17149,17061,17137"
17159,15813,"17047,17185,17191,17101,17025,17079,17033"
17129,12297,"17167,17107,17125,17017"
17065,7993,"17059,17193,17165,17191,17055,17081"
17193,13877,"17059,17047,17185,17065,17191"
17039,15516,"17113,17115,17147,17107"
17155,5637,"17099,17011,17123"
17169,6902,"17057,17067,17109,17125,17017,17009,17001"
17177,44630,"17015,17141,17201,17085"
17181,17244,"17077,17199,17153,17003,17087"
17091,107502,"17063,17197,17075,17053,17105"
17027,36899,"17119,17005,17121,17051,17189,17163"
17085,22035,"17015,17177"
17199,67153,"17165,17077,17055,17087,17181"
17125,13086,"17179,17057,17107,17129,17017,17169"
17105,35815,"17099,17063,17053,17091,17203,17113"
17191,16179,"17047,17193,17065,17121,17025,17159,17081"
17089,516522,"17037,17111,17031,17043,17093"
17069,3649,"17059,17165,17151"
