Node_ID,0,1,2,3,4,5,6,7,8,9,10,11,12,13,14,15,16,17,18,19,20,21,22,23,24,25,26,27,28,29,30,31,32,33,34,35,36,37,38,39,40,41,42,43,44,45,46,47,48,49,50,51,52,53,54,55,56,57,58,59,60,61,62,63,64,65,66,67,68,69,70,71,72,73,74,75,76,77,78,79,80,81,82,83,84,85,86,87,88,89,90,91,92,93,94,95,96,97,98,99,100,101,102,103,104,105,106,107,108,109,110,111,112,113,114,115,116,117,118,119
0,0,124,133,95,126,144,155,158,138,118,149,119,240,206,47,71,102,92,57,81,35,45,69,186,61,50,162,220,251,238,117,69,94,118,92,78,165,175,142,171,27,78,51,46,66,28,191,307,168,199,139,165,156,282,162,116,143,299,324,264,133,105,111,242,26,328,127,274,192,336,219,201,248,136,52,200,274,67,113,86,212,186,85,154,185,100,358,113,90,147,243,33,167,225,84,72,97,97,140,232,198,123,125,80,122,208,238,227,242,195,174,147,156,260,163,225,211,145,123,163
1,124,0,34,29,33,265,279,281,262,239,272,243,131,96,169,194,44,71,155,165,89,88,110,135,83,106,68,332,363,353,229,189,217,237,209,190,205,229,206,242,126,198,174,149,178,151,105,201,290,247,250,271,269,170,95,99,101,204,229,173,231,206,165,332,139,227,66,361,281,230,154,271,148,220,164,318,170,59,95,52,308,70,87,31,297,218,252,192,204,175,318,120,285,130,182,138,122,220,259,332,126,119,144,102,245,286,154,311,347,298,272,269,249,358,248,286,319,248,70,43
2,133,34,0,51,67,278,284,291,269,252,283,252,150,117,175,202,33,57,152,157,98,107,135,169,80,103,99,328,357,350,226,192,222,238,210,189,183,209,189,225,142,211,185,166,194,161,135,220,292,225,247,265,266,187,129,132,135,227,253,199,223,201,149,319,143,248,100,347,269,249,185,253,171,208,166,317,191,67,72,80,297,89,115,35,293,233,269,180,220,152,300,121,284,156,177,129,104,230,260,322,158,94,122,90,249,270,182,296,339,290,263,272,239,346,235,266,313,242,43,63
3,95,29,51,0,39,236,250,253,233,210,243,214,152,117,141,166,38,59,130,142,61,59,84,135,61,83,80,307,338,327,203,161,189,210,182,164,193,215,189,224,97,169,145,120,149,122,116,221,262,234,225,247,243,193,98,85,95,221,246,188,208,182,148,312,112,246,62,342,260,251,159,254,165,199,138,291,189,33,89,29,286,93,65,60,272,189,273,171,175,165,301,94,258,145,158,117,108,191,232,309,132,112,133,86,217,268,166,292,324,275,250,241,227,336,228,272,295,224,72,69
4,126,33,67,39,0,260,281,279,263,235,269,241,115,80,174,196,72,97,167,181,95,84,94,102,100,121,41,343,374,363,239,195,221,244,217,200,231,254,228,264,121,195,172,141,171,151,77,183,295,273,261,284,279,156,63,71,68,181,207,148,246,220,187,351,146,207,34,381,299,213,123,293,126,238,173,326,151,71,124,41,325,61,67,52,308,212,235,211,196,203,340,131,293,106,196,156,146,219,266,348,95,148,171,125,248,307,127,331,361,313,288,273,266,374,267,311,332,262,102,42
5,144,265,278,236,260,0,64,30,44,26,17,37,366,335,110,82,246,234,150,168,179,178,171,281,203,186,288,163,190,164,122,103,76,96,106,123,251,243,213,220,139,67,93,119,89,116,308,426,89,265,126,151,126,407,274,219,248,409,431,373,157,144,208,234,141,441,249,264,202,452,317,239,366,183,129,127,392,211,249,219,202,320,199,296,143,48,476,182,66,249,263,164,112,342,149,184,222,51,94,207,305,251,241,213,68,233,346,237,201,173,174,77,176,233,195,269,171,149,265,301
6,155,279,284,250,281,64,0,38,24,67,47,47,393,360,109,85,251,232,136,146,190,198,202,321,204,183,314,100,128,103,80,92,62,55,79,100,214,201,175,173,161,94,110,148,123,130,340,457,25,220,74,93,68,434,307,253,283,445,468,409,111,109,181,172,141,476,277,201,146,485,357,188,397,141,119,64,424,220,240,240,141,341,229,308,80,90,508,148,109,219,205,163,49,374,123,169,207,67,40,144,341,236,219,205,35,178,382,179,137,112,118,19,126,170,145,217,107,98,262,319
7,158,281,291,253,279,30,38,0,28,47,13,39,388,356,117,90,259,243,153,167,194,196,194,307,213,194,309,135,161,134,110,105,75,83,101,121,244,233,205,207,158,85,108,140,111,131,331,450,62,254,109,131,105,429,297,243,272,435,457,398,144,136,205,210,150,466,271,239,183,477,343,224,389,173,133,99,416,225,256,238,179,340,221,312,118,72,500,176,91,245,243,173,87,366,146,187,225,61,75,182,330,255,241,219,56,215,371,216,173,150,155,55,161,207,180,253,145,133,274,319
8,138,262,269,233,263,44,24,28,0,44,30,24,374,341,95,68,237,220,127,140,173,179,181,298,190,170,295,122,151,126,83,80,49,56,73,93,216,205,177,180,142,72,90,127,100,112,319,437,48,226,83,107,82,415,286,232,262,424,447,388,117,109,178,190,127,455,257,220,159,465,335,198,377,145,108,87,403,205,230,222,158,323,208,292,99,66,488,148,86,218,219,150,68,353,118,160,199,45,50,164,319,229,214,194,28,190,360,193,158,129,131,33,135,190,154,228,128,107,251,301
9,118,239,252,210,235,26,67,47,44,0,34,24,343,310,84,57,220,207,126,146,153,152,147,260,177,160,264,165,194,170,107,80,57,83,87,101,231,225,194,204,114,41,67,94,65,90,285,403,92,248,115,143,119,383,251,196,226,388,410,352,142,126,185,228,115,419,225,259,192,430,297,226,343,166,105,131,370,185,224,194,196,295,175,270,140,25,453,162,45,227,253,138,110,319,127,159,197,26,87,204,283,227,217,187,58,221,324,228,201,168,164,75,163,231,181,256,169,137,239,276
10,149,272,283,243,269,17,47,13,30,34,0,33,377,345,111,83,251,236,148,164,185,186,182,294,206,187,298,146,173,147,112,101,71,85,99,118,244,234,206,210,147,74,98,128,99,122,319,438,72,256,114,137,111,418,285,231,260,422,444,386,146,137,203,219,142,453,259,248,189,464,330,228,377,174,128,110,404,217,250,228,187,329,210,303,127,59,488,175,78,244,249,166,96,354,144,182,220,53,80,191,317,251,238,213,57,220,358,223,184,158,161,62,165,217,184,258,154,137,268,309
11,119,243,252,214,241,37,47,39,24,24,33,0,352,319,78,51,220,204,116,133,154,158,158,275,174,155,273,142,172,149,86,68,40,61,69,86,214,207,176,184,120,48,69,104,77,92,296,414,70,229,92,119,95,393,263,209,239,401,423,365,121,107,172,205,110,432,234,235,169,442,311,204,354,147,96,109,381,186,217,200,172,302,186,273,116,43,465,145,62,213,230,134,87,330,112,150,188,23,64,180,296,218,206,181,34,199,337,205,177,144,141,52,142,207,160,234,146,115,236,281
12,240,131,150,152,115,366,393,388,374,343,377,352,0,36,288,309,174,201,282,294,210,196,195,113,213,235,79,458,489,477,354,309,334,359,332,315,333,359,336,372,232,304,284,249,278,263,63,70,409,375,376,399,394,41,97,150,124,80,104,62,360,335,295,463,261,98,118,492,412,100,95,401,30,350,288,440,42,185,222,154,438,62,167,115,423,318,121,322,300,303,448,246,408,38,310,268,252,329,381,461,81,245,272,233,362,417,64,442,476,427,402,387,379,488,379,415,447,377,193,89
13,206,96,117,117,80,335,360,356,341,310,345,319,36,0,253,275,139,166,246,259,175,162,164,100,177,199,47,423,454,442,319,274,300,324,297,280,299,324,301,337,199,271,250,216,246,229,46,105,374,341,341,364,359,76,73,123,100,110,136,84,325,299,260,427,226,132,86,457,376,135,94,366,55,315,253,406,75,150,188,120,403,29,136,83,388,287,156,287,269,269,413,210,373,44,275,233,217,296,346,426,71,211,238,198,327,382,74,406,440,392,366,353,344,452,343,381,411,341,160,55
14,47,169,175,141,174,110,109,117,95,84,111,78,288,253,0,28,142,126,44,67,80,92,108,228,96,77,209,174,206,191,74,22,48,72,47,39,157,159,126,147,62,51,30,62,59,30,238,354,121,183,95,123,111,329,207,158,187,345,369,310,97,70,106,204,32,375,174,236,156,383,263,174,294,108,24,153,320,111,140,134,173,233,129,199,139,75,405,93,74,148,213,56,120,271,57,76,113,59,93,191,243,142,134,103,75,178,283,194,198,152,135,100,121,219,132,202,167,104,157,210
15,71,194,202,166,196,82,85,90,68,57,83,51,309,275,28,0,169,154,68,89,106,113,121,242,124,105,230,160,192,174,71,25,26,58,43,48,177,175,142,158,78,31,28,69,53,46,256,374,100,198,88,117,100,350,224,173,202,363,387,327,101,78,129,202,60,393,193,234,158,402,277,183,314,119,48,135,340,137,167,155,170,256,146,224,128,52,425,109,58,170,217,84,104,290,73,102,139,31,76,185,259,169,160,131,53,183,300,196,189,146,134,78,125,213,139,212,156,103,185,234
16,102,44,33,38,72,246,251,259,237,220,251,220,174,139,142,169,0,27,120,125,68,81,114,172,47,70,111,295,325,318,193,159,189,205,177,156,161,185,162,199,113,180,153,138,165,130,148,244,259,203,214,233,234,212,134,123,133,248,273,217,192,169,122,290,110,271,99,319,240,273,194,228,191,178,133,284,214,37,53,66,267,112,100,63,261,202,294,150,190,132,274,88,251,173,145,98,78,198,228,292,167,76,100,60,216,243,197,268,308,259,233,239,209,317,206,242,281,210,34,85
17,92,71,57,59,97,234,232,243,220,207,236,204,201,166,126,154,27,0,98,100,62,84,120,194,31,50,137,271,301,294,170,141,171,184,156,135,135,159,135,171,109,168,141,133,157,119,173,271,239,177,191,208,210,239,157,139,153,274,300,243,167,145,94,263,94,298,121,292,213,301,218,200,218,152,113,262,241,41,31,82,241,139,112,89,237,191,321,124,182,106,247,70,229,200,121,72,51,184,206,265,191,53,74,33,198,216,223,241,282,234,207,219,182,290,179,215,256,185,32,112
18,57,155,152,130,167,150,136,153,127,126,148,116,282,246,44,68,120,98,0,26,74,97,125,239,73,50,206,177,208,199,74,48,78,86,59,37,116,121,87,114,82,94,72,94,100,61,239,351,141,145,95,117,115,322,212,170,196,347,372,312,80,53,63,187,31,374,176,219,137,380,272,144,293,79,21,165,318,97,104,132,159,223,139,181,142,118,402,57,117,104,187,36,132,271,29,34,72,99,109,181,249,102,91,68,102,152,287,172,194,145,122,122,102,208,107,169,165,95,126,198
19,81,165,157,142,181,168,146,167,140,146,164,133,294,259,67,89,125,100,26,0,92,118,149,260,82,60,221,171,200,195,73,66,93,92,68,47,90,95,62,90,108,117,97,120,126,87,256,364,146,119,92,108,111,334,230,192,216,362,387,328,67,45,40,170,56,389,194,200,118,393,291,120,308,58,44,164,332,110,98,149,144,234,160,188,137,141,415,32,142,81,164,55,132,286,23,28,62,119,113,167,267,91,74,67,113,130,304,152,183,134,108,130,85,193,87,144,156,85,125,208
20,35,89,98,61,95,179,190,194,173,153,185,154,210,175,80,106,68,62,74,92,0,29,66,168,34,38,133,248,280,268,145,101,128,150,122,105,163,179,148,181,47,112,87,71,97,63,165,278,201,201,166,190,184,251,138,101,124,273,298,238,154,127,111,261,52,301,102,292,210,307,199,211,219,150,78,231,245,32,89,58,233,153,69,119,213,134,329,124,123,140,256,38,198,197,103,72,84,132,172,255,175,104,113,61,156,222,213,244,267,219,196,180,175,282,179,233,238,168,93,130
21,45,88,107,59,84,178,198,196,179,152,186,158,196,162,92,113,81,84,97,118,29,0,38,142,60,67,117,265,297,283,163,114,138,164,138,123,192,207,176,208,38,111,89,61,90,67,146,262,212,230,184,210,201,237,116,74,99,254,278,218,176,149,139,284,70,283,82,316,234,290,175,238,202,176,97,245,228,45,113,43,256,144,42,119,230,130,313,150,115,169,282,63,213,179,126,101,112,135,185,276,153,130,142,89,165,248,192,269,287,239,218,191,199,304,204,261,256,189,112,123
22,69,110,135,84,94,171,202,194,181,147,182,158,195,164,108,121,114,120,125,149,66,38,0,121,98,103,117,280,312,295,182,130,148,177,155,144,228,241,209,239,46,110,94,55,83,78,138,256,221,264,202,230,218,236,104,51,81,243,266,207,201,173,174,309,95,273,78,341,260,283,156,269,196,204,119,256,222,80,150,58,279,152,29,140,247,123,307,181,105,206,312,95,225,172,152,135,149,136,197,298,139,168,179,127,173,276,179,296,306,260,241,199,224,326,232,293,274,211,146,136
23,186,135,169,135,102,281,321,307,298,260,294,275,113,100,228,242,172,194,239,260,168,142,121,0,188,204,75,401,433,416,302,250,268,298,275,264,325,344,315,348,166,227,214,174,198,199,54,153,340,365,323,350,339,144,40,70,43,130,150,95,318,290,276,427,211,162,73,458,376,176,36,379,97,318,238,377,121,159,224,115,397,112,101,146,367,235,199,292,216,298,424,205,346,77,268,239,240,254,318,417,32,247,267,217,293,389,68,411,426,380,359,319,341,446,346,400,395,330,204,121
24,61,83,80,61,100,203,204,213,190,177,206,174,213,177,96,124,47,31,73,82,34,60,98,188,0,23,141,250,280,272,147,112,142,158,130,109,137,157,129,164,79,137,110,103,126,88,176,282,212,177,168,188,187,252,154,126,145,282,307,249,148,124,88,251,64,307,117,281,199,312,216,194,226,138,85,237,250,30,55,73,225,152,96,108,215,160,333,110,151,112,240,41,204,206,99,56,53,153,180,249,191,70,82,30,169,207,226,231,264,215,190,192,167,275,167,213,236,165,63,126
25,50,106,103,83,121,186,183,194,170,160,187,155,235,199,77,105,70,50,50,60,38,67,103,204,23,0,162,227,257,249,124,91,122,135,107,87,125,141,111,145,74,121,95,96,115,74,196,304,190,163,145,165,164,275,172,138,161,302,328,269,126,101,73,229,45,329,135,260,178,333,234,175,248,117,64,215,272,50,65,91,204,175,107,131,192,146,355,90,138,103,221,21,182,227,76,36,48,135,158,227,209,73,77,29,148,187,245,210,242,193,167,170,145,253,146,196,214,142,80,149
26,162,68,99,80,41,288,314,309,295,264,298,273,79,47,209,230,111,137,206,221,133,117,117,75,141,162,0,381,412,399,277,231,255,280,254,238,272,295,269,304,153,225,204,169,199,184,37,145,329,313,299,323,317,120,36,77,57,141,166,108,286,259,228,391,184,168,39,421,340,174,86,334,86,279,211,362,112,112,163,76,365,42,88,72,346,240,197,251,222,243,381,170,329,65,235,197,187,250,302,387,59,187,211,166,282,348,86,372,400,352,328,308,306,414,307,351,371,301,139,46
27,220,332,328,307,343,163,100,135,122,165,146,142,458,423,174,160,295,271,177,171,248,265,280,401,250,227,381,0,32,28,104,152,134,103,127,143,198,174,164,141,235,181,188,229,210,202,411,526,74,185,82,64,64,499,381,331,360,519,543,483,106,127,191,89,197,548,347,110,92,555,436,139,467,130,170,37,493,274,268,305,68,400,303,358,35,185,577,154,202,216,134,213,57,444,151,199,230,157,84,56,417,255,230,238,113,120,457,107,39,48,75,90,99,74,114,163,23,87,296,375
28,251,363,357,338,374,190,128,161,151,194,173,172,489,454,206,192,325,301,208,200,280,297,312,433,280,257,412,32,0,29,135,183,166,135,159,175,219,193,187,161,267,213,220,261,241,234,443,557,103,201,113,92,95,530,413,363,392,551,575,515,134,157,217,89,228,579,379,102,109,586,468,153,499,156,201,63,524,305,296,337,80,431,335,388,67,215,609,181,233,240,138,244,88,476,181,228,258,188,116,58,449,282,256,268,144,132,489,114,33,70,99,120,124,64,136,173,45,116,324,406
29,238,353,350,327,363,164,103,134,126,170,147,149,477,442,191,174,318,294,199,195,268,283,295,416,272,249,399,28,29,0,125,169,148,119,146,163,226,201,191,169,251,192,202,242,221,218,429,545,79,212,104,89,84,518,397,347,376,536,560,500,132,150,216,111,216,565,365,128,119,573,451,166,485,157,189,40,511,295,292,324,94,421,319,380,58,192,596,179,211,243,158,234,70,462,174,223,255,166,98,78,433,281,256,262,123,147,474,132,56,75,103,99,126,90,142,189,50,112,320,396
30,117,229,226,203,239,122,80,110,83,107,112,86,354,319,74,71,193,170,74,73,145,163,182,302,147,124,277,104,135,125,0,53,52,27,28,40,135,123,96,98,136,100,96,135,124,104,308,422,75,144,22,48,40,395,279,232,260,416,441,381,35,30,103,132,94,445,244,164,88,451,336,119,364,62,66,92,389,170,171,202,100,297,202,255,68,115,474,69,126,140,148,109,59,341,50,100,135,85,42,117,316,163,143,139,55,115,355,126,125,78,63,61,56,145,74,149,94,32,197,271
31,69,189,192,161,195,103,92,105,80,80,101,68,309,274,22,25,159,141,48,66,101,114,130,250,112,91,231,152,183,169,53,0,31,50,25,24,152,150,117,134,84,56,44,82,73,51,260,376,101,174,73,101,89,350,229,180,209,367,392,332,79,54,105,184,50,397,196,216,138,404,285,160,316,95,28,131,342,130,151,155,152,254,151,218,117,77,427,84,82,147,196,71,99,293,48,82,120,53,72,169,265,150,138,114,57,161,305,175,176,131,115,80,103,198,116,188,145,84,171,230
32,94,217,222,189,221,76,62,75,49,57,71,40,334,300,48,26,189,171,78,93,128,138,148,268,142,122,255,134,166,148,52,31,0,33,30,47,175,168,137,147,104,50,54,95,77,71,282,399,74,191,65,95,75,375,250,199,228,389,413,353,86,69,132,181,79,419,219,213,140,428,304,170,340,109,59,109,366,159,182,180,148,280,172,247,102,63,451,105,75,173,200,102,78,316,72,112,150,33,50,162,286,180,167,145,28,167,326,177,164,123,114,53,109,190,125,200,132,84,202,258
33,118,237,238,210,244,96,55,83,56,83,85,61,359,324,72,58,205,184,86,92,150,164,177,298,158,135,280,103,135,119,27,50,33,0,28,49,161,150,122,124,132,83,86,126,110,99,309,425,55,171,33,62,42,400,278,228,258,417,441,381,61,54,126,148,98,446,245,180,109,454,333,144,366,89,73,82,392,178,189,205,115,303,200,265,70,94,477,94,108,165,170,118,49,343,69,116,154,64,23,128,314,183,165,154,28,138,355,146,131,90,82,38,81,156,99,174,99,54,212,279
34,92,209,210,182,217,106,79,101,73,87,99,69,332,297,47,43,177,156,59,68,122,138,155,275,130,107,254,127,159,146,28,25,30,28,0,22,145,139,108,118,109,73,67,106,95,76,284,399,83,161,48,76,64,373,254,205,234,392,416,356,58,39,105,160,71,420,220,193,115,428,310,142,340,80,45,109,366,150,162,178,128,275,176,237,93,91,451,76,100,145,175,90,76,317,45,90,128,62,51,145,290,158,142,127,46,141,330,153,151,106,91,64,82,173,97,171,120,61,185,251
35,78,190,189,164,200,123,100,121,93,101,118,86,315,280,39,48,156,135,37,47,105,123,144,264,109,87,238,143,175,163,40,24,47,49,22,0,130,127,94,110,99,79,66,101,96,68,269,383,104,150,61,87,80,356,240,193,221,377,401,341,58,32,85,166,54,405,205,198,117,412,297,137,324,71,27,128,350,131,140,162,135,257,163,217,108,100,434,61,106,126,174,70,95,302,26,68,107,75,71,154,276,136,121,105,67,139,316,155,164,116,97,85,82,182,94,165,133,67,163,233
36,165,205,183,193,231,251,214,244,216,231,244,214,333,299,157,177,161,135,116,90,163,192,228,325,137,125,272,198,219,226,135,152,175,161,145,130,0,30,39,59,192,206,186,208,215,176,308,402,206,42,143,140,158,369,290,263,283,408,434,378,105,107,54,153,143,431,253,174,112,432,352,78,352,74,134,208,374,166,111,210,142,271,232,218,172,229,451,69,231,30,122,133,183,334,104,94,85,205,175,168,325,89,61,108,188,98,358,125,192,151,123,196,100,185,84,83,177,122,140,244
37,175,229,209,215,254,243,201,233,205,225,234,207,359,324,159,175,185,159,121,95,179,207,241,344,157,141,295,174,193,201,123,150,168,150,139,127,30,0,34,32,202,206,189,215,219,182,331,428,189,24,127,119,140,396,311,280,301,433,458,402,90,99,69,123,151,456,274,145,84,458,373,48,377,60,136,187,399,186,137,230,114,297,248,244,150,227,478,67,232,59,93,146,165,358,103,107,108,200,161,139,347,116,87,129,177,69,381,95,164,126,99,182,79,156,61,57,152,104,167,270
38,142,206,189,189,228,213,175,205,177,194,206,176,336,301,126,142,162,135,87,62,148,176,209,315,129,111,269,164,187,191,96,117,137,122,108,94,39,34,0,36,169,173,155,181,185,148,305,406,167,58,104,103,119,374,283,249,272,409,434,376,66,69,41,131,118,433,246,158,84,436,344,66,353,36,103,171,376,158,119,201,114,274,217,223,135,194,456,33,198,53,112,113,145,333,69,76,85,168,136,140,319,100,72,103,149,81,354,107,162,118,89,156,64,161,52,85,144,84,149,247
39,171,242,225,224,264,220,173,207,180,204,210,184,372,337,147,158,199,171,114,90,181,208,239,348,164,145,304,141,161,169,98,134,147,124,118,110,59,32,36,0,197,189,175,206,206,172,340,442,160,48,99,87,109,411,317,281,305,444,470,412,63,80,77,97,145,469,280,122,53,472,379,31,389,39,125,155,412,193,155,235,84,310,250,260,118,208,493,58,215,83,76,144,134,369,90,109,121,180,133,109,354,135,107,139,152,45,389,71,133,94,67,154,48,128,29,56,119,75,185,284
40,27,126,142,97,121,139,161,158,142,114,147,120,232,199,62,78,113,109,82,108,47,38,46,166,79,74,153,235,267,251,136,84,104,132,109,99,192,202,169,197,0,73,52,24,52,33,179,296,178,226,157,184,173,273,147,96,125,285,309,249,156,128,138,264,52,315,115,296,215,324,201,227,236,161,74,212,262,76,134,80,233,182,68,157,201,92,347,139,78,174,268,60,181,213,108,99,122,97,153,252,182,147,151,103,130,233,223,251,260,214,196,156,179,281,188,252,229,165,140,162
41,78,198,211,169,195,67,94,85,72,41,74,48,304,271,51,31,180,168,94,117,112,111,110,227,137,121,225,181,213,192,100,56,50,83,73,79,206,206,173,189,73,0,27,55,29,50,248,366,114,229,115,145,125,345,214,160,190,352,375,316,132,109,157,231,77,383,186,263,188,393,263,215,306,150,74,152,332,144,186,154,198,255,137,229,151,24,417,139,26,198,248,100,125,282,103,126,162,27,97,211,248,191,185,150,69,214,289,226,213,173,163,93,155,239,170,244,181,133,200,235
42,51,174,185,145,172,93,110,108,90,67,98,69,284,250,30,28,153,141,72,97,87,89,94,214,110,95,204,188,220,202,96,44,54,86,67,66,186,189,155,175,52,27,0,41,30,23,230,348,127,213,114,143,127,325,197,145,175,336,359,300,123,98,135,227,51,366,167,260,182,376,250,203,287,137,53,163,314,118,160,131,196,233,119,204,155,51,399,122,46,176,239,74,132,264,86,102,136,47,104,211,232,165,160,124,80,205,273,219,216,173,159,105,147,240,160,231,184,128,173,212
43,46,149,166,120,141,119,148,140,127,94,128,104,249,216,62,69,138,133,94,120,71,61,55,174,103,96,169,229,261,242,135,82,95,126,106,101,208,215,181,206,24,55,41,0,30,34,192,311,167,239,154,183,168,289,159,105,135,297,320,261,159,132,154,266,64,328,131,298,218,338,209,235,250,169,81,203,277,100,157,101,234,201,82,180,196,71,361,149,55,192,274,78,173,227,116,116,143,81,145,251,193,168,170,125,120,239,234,256,257,213,197,145,183,280,194,261,225,166,164,183
44,66,178,194,149,171,89,123,111,100,65,99,77,278,246,59,53,165,157,100,126,97,90,83,198,126,115,199,210,241,221,124,73,77,110,95,96,215,219,185,206,52,29,30,30,0,42,220,339,143,243,140,170,152,318,186,132,162,324,347,288,152,127,163,255,76,355,160,288,211,366,234,233,278,167,82,181,305,128,179,131,223,231,111,209,179,41,389,152,26,203,269,95,153,255,116,128,160,56,125,238,219,188,186,145,98,234,260,248,240,199,187,123,176,266,190,261,208,156,189,212
45,28,151,161,122,151,116,130,131,112,90,122,92,263,229,30,46,130,119,61,87,63,67,78,199,88,74,184,202,234,218,104,51,71,99,76,68,176,182,148,172,33,50,23,34,42,0,211,328,146,206,124,152,140,304,179,129,158,318,342,282,126,99,123,233,34,348,147,266,185,356,234,201,268,135,47,179,295,95,138,110,202,211,101,181,168,73,379,116,64,162,241,54,148,245,82,86,118,70,120,220,215,146,144,103,98,205,256,222,228,182,165,124,150,249,160,228,196,134,151,189
46,191,105,135,116,77,308,340,331,319,285,319,296,63,46,238,256,148,173,239,256,165,146,138,54,176,196,37,411,443,429,308,260,282,309,284,269,308,331,305,340,179,248,230,192,220,211,0,118,356,350,330,355,347,100,35,90,62,108,132,73,319,292,264,425,215,137,64,456,374,146,53,370,58,313,242,390,85,147,200,107,398,62,111,106,376,260,169,286,242,279,416,203,358,34,268,232,223,274,331,420,26,224,248,202,309,383,50,406,432,384,361,335,340,448,342,388,402,333,175,77
47,307,201,220,221,183,426,457,450,437,403,438,414,70,105,354,374,244,271,351,364,278,262,256,153,282,304,145,526,557,545,422,376,399,425,399,383,402,428,406,442,296,366,348,311,339,328,118,0,474,445,444,468,462,36,152,207,178,37,48,60,430,404,365,533,329,32,181,562,482,29,121,471,60,420,356,507,34,254,291,221,508,132,229,185,491,379,52,392,360,372,518,314,474,84,379,338,322,392,447,531,123,314,341,303,427,487,86,512,545,496,471,452,449,557,448,485,515,445,262,159
48,168,290,292,262,295,89,25,62,48,92,72,70,409,374,121,100,259,239,141,146,201,212,221,340,212,190,329,74,103,79,75,101,74,55,83,104,206,189,167,160,178,114,127,167,143,146,356,474,0,207,63,75,50,450,324,272,302,463,486,427,101,105,178,149,151,493,293,177,127,502,376,171,414,131,127,40,440,231,244,255,119,354,246,319,57,113,525,143,132,214,184,172,27,390,123,171,209,88,33,120,359,237,218,209,47,159,400,158,112,90,99,22,111,145,131,200,83,85,267,331
49,199,247,225,234,273,265,220,254,226,248,256,229,375,341,183,198,203,177,145,119,201,230,264,365,177,163,313,185,201,212,144,174,191,171,161,150,42,24,58,48,226,229,213,239,243,206,350,445,207,0,146,135,157,411,331,302,323,451,476,420,110,122,91,123,175,473,294,140,93,474,393,48,394,82,160,202,416,207,153,251,121,313,270,260,164,250,493,91,255,72,85,169,182,376,127,129,127,223,181,145,367,131,103,149,199,70,399,94,170,137,113,201,96,157,76,43,162,123,182,286
50,139,250,247,225,261,126,74,109,83,115,114,92,376,341,95,88,214,191,95,92,166,184,202,323,168,145,299,82,113,104,22,73,65,33,48,61,143,127,104,99,157,115,114,154,140,124,330,444,63,146,0,29,19,417,300,253,281,438,462,403,38,47,119,116,115,466,266,148,77,473,357,114,385,69,88,72,411,192,190,223,83,318,223,276,47,127,496,82,140,153,138,131,42,363,70,119,154,97,35,97,337,181,159,159,58,107,377,113,103,59,49,55,52,126,71,144,72,24,217,293
51,165,271,265,247,284,151,93,131,107,143,137,119,399,364,123,117,233,208,117,108,190,210,230,350,188,165,323,64,92,89,48,101,95,62,76,87,140,119,103,87,184,145,143,183,170,152,355,468,75,135,29,0,26,440,326,280,308,463,487,428,42,65,127,86,140,491,291,118,53,497,384,96,410,68,113,68,435,214,204,248,54,340,250,296,32,156,519,90,169,155,112,153,48,387,89,136,167,125,57,68,363,192,167,175,85,84,402,87,77,30,24,75,40,97,58,125,48,23,232,314
52,156,269,266,243,279,126,68,105,82,119,111,95,394,359,111,100,234,210,115,111,184,201,218,339,187,164,317,64,95,84,40,89,75,42,64,80,158,140,119,109,173,125,127,168,152,140,347,462,50,157,19,26,0,435,317,269,298,455,480,420,54,67,137,109,133,484,283,140,78,491,374,121,403,84,106,53,429,211,210,241,77,337,240,296,29,134,514,100,149,169,138,150,25,381,90,139,173,104,32,87,354,200,177,178,61,110,394,112,89,49,50,50,61,115,81,150,57,36,236,312
53,282,170,187,193,156,407,434,429,415,383,418,393,41,76,329,350,212,239,322,334,251,237,236,144,252,275,120,499,530,518,395,350,375,400,373,356,369,396,374,411,273,345,325,289,318,304,100,36,450,411,417,440,435,0,135,190,162,62,81,66,401,375,334,502,302,68,158,531,451,63,119,439,47,390,329,481,30,226,258,195,478,100,208,152,464,359,82,362,341,339,486,286,449,68,351,308,290,370,422,501,113,281,308,272,403,455,83,480,516,467,442,428,419,528,418,452,487,417,229,127
54,162,95,129,98,63,274,307,297,286,251,285,263,97,73,207,224,134,157,212,230,138,116,104,40,154,172,36,381,413,397,279,229,250,278,254,240,290,311,283,317,147,214,197,159,186,179,35,152,324,331,300,326,317,135,0,55,27,139,163,103,292,264,243,399,186,169,37,430,348,179,62,348,92,288,213,359,119,125,186,82,371,77,78,106,346,226,202,261,207,262,393,176,327,68,241,208,205,240,299,392,37,209,231,182,277,359,76,382,403,356,334,303,313,420,317,367,373,305,165,82
55,116,99,132,85,71,219,253,243,232,196,231,209,150,123,158,173,123,139,170,192,101,74,51,70,126,138,77,331,363,347,232,180,199,228,205,193,263,280,249,281,96,160,145,105,132,129,90,207,272,302,253,280,269,190,55,0,30,192,215,156,248,221,211,357,142,223,41,389,307,234,105,312,147,249,168,308,174,99,170,57,327,117,32,123,297,171,257,224,152,237,356,137,277,124,199,173,179,187,248,347,88,191,208,156,225,321,129,342,356,310,290,250,271,375,277,334,325,260,157,109
56,143,101,135,95,68,248,283,272,262,226,260,239,124,100,187,202,133,153,196,216,124,99,81,43,145,161,57,360,392,376,260,209,228,258,234,221,283,301,272,305,125,190,175,135,162,158,62,178,302,323,281,308,298,162,27,30,0,162,185,126,275,248,233,384,169,193,35,415,333,204,76,336,118,274,195,337,145,117,184,72,355,100,58,119,326,201,228,248,182,256,381,162,306,95,225,196,198,217,278,375,58,206,225,174,254,346,99,368,385,338,317,280,298,403,303,357,353,288,166,99
57,299,204,227,221,181,409,445,435,424,388,422,401,80,110,345,363,248,274,347,362,273,254,243,130,282,302,141,519,551,536,416,367,389,417,392,377,408,433,409,444,285,352,336,297,324,318,108,37,463,451,438,463,455,62,139,192,162,0,26,36,426,400,368,532,323,32,172,562,481,48,96,474,56,420,350,498,39,253,298,215,505,139,217,193,484,363,70,392,344,379,521,310,466,76,376,337,325,379,438,528,105,321,347,305,416,488,64,512,540,492,468,442,447,555,448,490,510,441,270,165
58,324,229,253,246,207,431,468,457,447,410,444,423,104,136,369,387,273,300,372,387,298,278,266,150,307,328,166,543,575,560,441,392,413,441,416,401,434,458,434,470,309,375,359,320,347,342,132,48,486,476,462,487,480,81,163,215,185,26,0,60,451,424,393,557,347,23,196,587,506,42,115,500,82,445,374,521,63,278,323,240,530,164,241,218,508,385,58,417,366,404,546,335,490,101,401,363,351,402,462,553,127,346,373,331,439,514,86,538,565,517,493,465,472,580,473,515,534,466,295,190
59,264,173,199,188,148,373,409,398,388,352,386,365,62,84,310,327,217,243,312,328,238,218,207,95,249,269,108,483,515,500,381,332,353,381,356,341,378,402,376,412,249,316,300,261,288,282,73,60,427,420,403,428,420,66,103,156,126,36,60,0,392,365,336,498,288,68,137,529,447,81,62,442,32,386,315,462,36,219,268,180,471,112,181,166,448,327,104,358,308,348,488,276,430,44,341,304,294,343,402,493,69,291,317,273,380,455,28,479,505,457,434,405,413,520,415,459,475,406,241,137
60,133,231,223,208,246,157,111,144,117,142,146,121,360,325,97,101,192,167,80,67,154,176,201,318,148,126,286,106,134,132,35,79,86,61,58,58,105,90,66,63,156,132,123,159,152,126,319,430,101,110,38,42,54,401,292,248,275,426,451,392,0,28,85,109,107,454,256,141,60,459,351,84,372,30,81,106,397,175,161,212,79,301,217,255,74,148,481,48,158,116,117,116,79,351,51,95,124,119,72,101,329,149,125,134,89,82,367,97,116,67,42,92,24,128,39,114,90,20,190,275
61,105,206,201,182,220,144,109,136,109,126,137,107,335,299,70,78,169,145,53,45,127,149,173,290,124,101,259,127,157,150,30,54,69,54,39,32,107,99,69,80,128,109,98,132,127,99,292,404,105,122,47,65,67,375,264,221,248,400,424,365,28,0,73,136,79,427,229,169,87,433,324,106,346,41,54,120,371,150,143,185,107,275,190,232,92,129,455,40,136,111,142,89,88,324,25,72,106,101,72,128,301,134,113,112,80,107,340,124,141,92,69,91,51,156,62,134,113,42,170,250
62,111,165,149,148,187,208,181,205,178,185,203,172,295,260,106,129,122,94,63,40,111,139,174,276,88,73,228,191,217,216,103,105,132,126,105,85,54,69,41,77,138,157,135,154,163,123,264,365,178,91,119,127,137,334,243,211,233,368,393,336,85,73,0,170,89,392,206,198,120,395,305,106,312,62,83,190,335,118,80,162,150,234,180,183,158,180,416,37,180,42,153,79,161,292,60,39,45,159,145,175,279,65,40,63,150,121,314,147,195,148,119,164,94,198,87,124,172,105,110,207
63,242,332,319,312,351,234,172,210,190,228,219,205,463,427,204,202,290,263,187,170,261,284,309,427,251,229,391,89,89,111,132,184,181,148,160,166,153,123,131,97,264,231,227,266,255,233,425,533,149,123,116,86,109,502,399,357,384,532,557,498,109,136,170,0,215,558,363,32,51,562,459,76,477,112,190,122,501,279,250,318,33,402,326,353,93,242,584,141,256,179,49,223,123,456,159,195,215,212,141,33,436,231,203,230,170,55,474,29,57,61,69,157,86,34,84,88,70,100,280,375
64,26,139,143,112,146,141,141,150,127,115,142,110,261,226,32,60,110,94,31,56,52,70,95,211,64,45,184,197,228,216,94,50,79,98,71,54,143,151,118,145,52,77,51,64,76,34,215,329,151,175,115,140,133,302,186,142,169,323,347,288,107,79,89,215,0,351,151,247,165,358,245,175,270,110,27,180,296,80,109,108,186,205,111,168,162,102,380,87,96,128,217,24,147,248,58,53,85,90,121,207,223,114,110,73,106,182,262,201,217,170,148,130,130,235,137,200,187,119,125,181
65,328,227,248,246,207,441,476,466,455,419,453,432,98,132,375,393,271,298,374,389,301,283,273,162,307,329,168,548,579,565,445,397,419,446,420,405,431,456,433,469,315,383,366,328,355,348,137,32,493,473,466,491,484,68,169,223,193,32,23,68,454,427,392,558,351,0,201,588,507,19,128,498,81,446,378,527,57,279,320,243,532,160,247,214,513,394,38,418,375,401,545,338,495,103,403,363,349,410,467,555,136,343,370,330,446,513,95,538,568,519,495,472,473,582,474,513,538,469,291,187
66,127,66,100,62,34,249,277,271,257,225,259,234,118,86,174,193,99,121,176,194,102,82,78,73,117,135,39,347,379,365,244,196,219,245,220,205,253,274,246,280,115,186,167,131,160,147,64,181,293,294,266,291,283,158,37,41,35,172,196,137,256,229,206,363,151,201,0,394,312,209,99,310,121,252,178,326,147,88,151,45,335,77,49,85,312,201,232,225,183,226,356,140,294,98,205,171,168,212,267,357,74,174,195,145,246,322,111,345,368,320,298,271,277,384,280,330,338,270,132,69
67,274,361,347,342,381,264,201,239,220,259,248,235,492,457,236,234,319,292,219,200,292,316,341,458,281,260,421,110,102,128,164,216,213,180,193,198,174,145,158,122,296,263,260,298,288,266,456,562,177,140,148,118,140,531,430,389,415,562,587,529,141,169,198,32,247,588,394,0,82,592,491,97,507,143,222,146,531,310,276,349,65,431,358,381,121,274,613,170,288,203,56,254,152,486,190,225,242,243,172,57,468,257,229,259,201,77,505,51,73,91,101,186,118,38,114,100,95,132,307,404
68,192,281,269,260,299,202,146,183,159,192,189,169,412,376,156,158,240,213,137,118,210,234,260,376,199,178,340,92,109,119,88,138,140,109,115,117,112,84,84,53,215,188,182,218,211,185,374,482,127,93,77,53,78,451,348,307,333,481,506,447,60,87,120,51,165,507,312,82,0,511,408,48,426,61,141,112,450,228,201,267,31,351,275,302,75,203,533,89,214,135,61,172,100,405,108,144,165,172,109,56,385,184,156,180,135,32,423,38,80,45,28,128,36,78,34,74,69,56,231,324
69,336,230,249,251,213,452,485,477,465,430,464,442,100,135,383,402,273,301,380,393,307,290,283,176,312,333,174,555,586,573,451,404,428,454,428,412,432,458,436,472,324,393,376,338,366,356,146,29,502,474,473,497,491,63,179,234,204,48,42,81,459,433,395,562,358,19,209,592,511,0,142,501,88,450,385,535,62,284,321,250,537,161,257,214,520,405,23,422,386,401,548,343,503,112,408,367,351,419,476,560,148,343,371,333,455,516,108,541,574,525,501,480,478,587,478,514,544,475,291,188
70,219,154,185,159,123,317,357,343,335,297,330,311,95,94,263,277,194,218,272,291,199,175,156,36,216,234,86,436,468,451,336,285,304,333,310,297,352,373,344,379,201,263,250,209,234,234,53,121,376,393,357,384,374,119,62,105,76,96,115,62,351,324,305,459,245,128,99,491,408,142,0,409,72,349,271,412,93,187,247,143,430,114,134,158,402,271,165,323,252,324,455,237,381,57,301,269,266,290,353,451,28,270,292,244,329,420,36,443,461,414,393,355,373,479,378,429,429,364,224,130
71,201,271,253,254,293,239,188,224,198,226,228,204,401,366,174,183,228,200,144,120,211,238,269,379,194,175,334,139,153,166,119,160,170,144,142,137,78,48,66,31,227,215,203,235,233,201,370,471,171,48,114,96,121,439,348,312,336,474,500,442,84,106,106,76,175,498,310,97,48,501,409,0,418,66,154,160,441,223,182,266,74,339,280,288,122,232,521,88,241,106,47,175,144,399,119,140,150,203,149,97,384,162,133,169,171,22,419,48,122,93,72,169,63,110,45,30,116,91,212,313
72,248,148,171,165,126,366,397,389,377,343,377,354,30,55,294,314,191,218,293,308,219,202,196,97,226,248,86,467,499,485,364,316,340,366,340,324,352,377,353,389,236,306,287,250,278,268,58,60,414,394,385,410,403,47,92,147,118,56,82,32,372,346,312,477,270,81,121,507,426,88,72,418,0,365,297,447,27,198,242,162,451,83,169,137,432,318,111,337,300,322,465,256,415,24,322,282,269,332,387,474,66,265,291,249,366,433,37,457,487,438,414,392,392,501,393,434,457,388,214,109
73,136,220,208,199,238,183,141,173,145,166,174,147,350,315,108,119,178,152,79,58,150,176,204,318,138,117,279,130,156,157,62,95,109,89,80,71,74,60,36,39,161,150,137,169,167,135,313,420,131,82,69,68,84,390,288,249,274,420,445,386,30,41,62,112,110,446,252,143,61,450,349,66,365,0,88,135,389,167,142,207,89,289,218,241,100,170,471,28,177,87,107,113,109,344,53,82,105,142,102,114,325,127,100,118,117,72,362,93,133,86,58,122,32,138,29,94,111,48,171,263
74,52,164,166,138,173,129,119,133,108,105,128,96,288,253,24,48,133,113,21,44,78,97,119,238,85,64,211,170,201,189,66,28,59,73,45,27,134,136,103,125,74,74,53,81,82,47,242,356,127,160,88,113,106,329,213,168,195,350,374,315,81,54,83,190,27,378,178,222,141,385,271,154,297,88,0,154,323,106,122,135,160,231,137,192,135,98,408,70,98,124,194,45,121,275,35,54,92,79,95,180,250,122,112,86,85,159,289,177,190,143,122,107,105,208,114,181,160,93,143,207
75,200,318,317,291,326,127,64,99,87,131,110,109,440,406,153,135,284,262,165,164,231,245,256,377,237,215,362,37,63,40,92,131,109,82,109,128,208,187,171,155,212,152,163,203,181,179,390,507,40,202,72,68,53,481,359,308,337,498,521,462,106,120,190,122,180,527,326,146,112,535,412,160,447,135,154,0,473,259,263,286,96,384,280,346,37,153,558,153,171,222,163,198,33,424,142,191,226,126,60,90,394,253,231,231,84,144,435,136,76,68,89,59,108,111,126,186,52,87,289,360
76,274,170,191,189,151,392,424,416,403,370,404,381,42,75,320,340,214,241,318,332,245,228,222,121,250,272,112,493,524,511,389,342,366,392,366,350,374,399,376,412,262,332,314,277,305,295,85,34,440,416,411,435,429,30,119,174,145,39,63,36,397,371,335,501,296,57,147,531,450,62,93,441,27,389,323,473,0,222,263,188,476,103,195,157,458,345,85,361,326,343,488,282,441,50,347,306,292,358,414,499,91,285,312,272,393,456,56,480,512,463,439,419,417,525,417,456,482,413,234,129
77,67,59,67,33,71,211,220,225,205,185,217,186,185,150,111,137,37,41,97,110,32,45,80,159,30,50,112,274,305,295,170,130,159,178,150,131,166,186,158,193,76,144,118,100,128,95,147,254,231,207,192,214,211,226,125,99,117,253,278,219,175,150,118,279,80,279,88,310,228,284,187,223,198,167,106,259,222,0,72,44,253,126,71,88,239,166,306,139,153,139,270,61,226,177,125,85,81,164,201,276,161,92,109,58,186,236,196,260,291,242,217,210,195,303,195,242,262,191,67,101
78,113,95,72,89,124,249,240,256,230,224,250,217,222,188,140,167,53,31,104,98,89,113,150,224,55,65,163,268,296,292,171,151,182,189,162,140,111,137,119,155,134,186,160,157,179,138,200,291,244,153,190,204,210,258,186,170,184,298,323,268,161,143,80,250,109,320,151,276,201,321,247,182,242,142,122,263,263,72,0,113,230,160,143,107,234,210,341,115,203,81,229,86,231,224,121,72,37,199,210,255,219,23,50,37,206,199,249,225,275,227,199,226,173,279,167,194,251,181,30,133
79,86,52,80,29,41,219,240,238,222,194,228,200,154,120,134,155,66,82,132,149,58,43,58,115,73,91,76,305,337,324,202,155,180,205,178,162,210,230,201,235,80,154,131,101,131,110,107,221,255,251,223,248,241,195,82,57,72,215,240,180,212,185,162,318,108,243,45,349,267,250,143,266,162,207,135,286,188,44,113,0,291,102,35,83,270,172,272,180,155,184,312,96,254,140,161,126,125,178,227,313,119,135,153,102,208,278,156,300,325,277,254,233,233,340,236,286,295,226,100,82
80,212,308,297,286,325,202,141,179,158,196,187,172,438,403,173,170,267,241,159,144,233,256,279,397,225,204,365,68,80,94,100,152,148,115,128,135,142,114,114,84,233,198,196,234,223,202,398,508,119,121,83,54,77,478,371,327,355,505,530,471,79,107,150,33,186,532,335,65,31,537,430,74,451,89,160,96,476,253,230,291,0,377,297,330,63,210,559,117,223,166,68,195,92,430,130,170,194,179,109,26,408,214,186,207,138,53,446,40,50,29,38,125,59,50,63,95,46,68,260,351
81,186,70,89,93,61,320,341,340,323,295,329,302,62,29,233,256,112,139,223,234,153,144,152,112,152,175,42,400,431,421,297,254,280,303,275,257,271,297,274,310,182,255,233,201,231,211,62,132,354,313,318,340,337,100,77,117,100,139,164,112,301,275,234,402,205,160,77,431,351,161,114,339,83,289,231,384,103,126,160,102,377,0,123,54,365,272,182,261,255,241,386,187,351,70,251,207,190,279,325,401,88,183,210,172,308,355,100,380,416,368,342,333,319,427,317,353,388,317,131,27
82,85,87,115,65,67,199,229,221,208,175,210,186,167,136,129,146,100,112,139,160,69,42,29,101,96,107,88,303,335,319,202,151,172,200,176,163,232,248,217,250,68,137,119,82,111,101,111,229,246,270,223,250,240,208,78,32,58,217,241,181,217,190,180,326,111,247,49,358,275,257,134,280,169,218,137,280,195,71,143,35,297,123,0,115,268,151,280,192,134,207,324,105,249,145,167,142,149,163,221,317,114,163,178,126,198,290,155,311,326,280,259,224,240,345,246,302,295,230,134,109
83,154,31,35,60,52,296,308,312,292,270,303,273,115,83,199,224,63,89,181,188,119,119,140,146,108,131,72,358,388,380,255,218,247,265,237,217,218,244,223,260,157,229,204,180,209,181,106,185,319,260,276,296,296,152,106,123,119,193,218,166,255,232,183,353,168,214,85,381,302,214,158,288,137,241,192,346,157,88,107,83,330,54,115,0,323,249,234,213,235,187,335,147,312,123,207,161,139,251,288,354,130,129,157,123,274,304,151,330,371,322,296,298,272,380,269,301,344,273,77,30
84,185,297,293,272,308,143,80,118,99,140,127,116,423,388,139,128,261,237,142,137,213,230,247,367,215,192,346,35,67,58,68,117,102,70,93,108,172,150,135,118,201,151,155,196,179,168,376,491,57,164,47,32,29,464,346,297,326,484,508,448,74,92,158,93,162,513,312,121,75,520,402,122,432,100,135,37,458,239,234,270,63,365,268,323,0,158,542,121,174,187,129,178,31,409,116,164,197,128,54,65,383,223,199,204,84,107,422,102,62,34,51,66,72,91,89,150,30,54,261,340
85,100,218,233,189,212,48,90,72,66,25,59,43,318,287,75,52,202,191,118,141,134,130,123,235,160,146,240,185,215,192,115,77,63,94,91,100,229,227,194,208,92,24,51,71,41,73,260,379,113,250,127,156,134,359,226,171,201,363,385,327,148,129,180,242,102,394,201,274,203,405,271,232,318,170,98,153,345,166,210,172,210,272,151,249,158,0,429,161,20,222,263,124,129,295,125,150,186,31,103,220,258,215,209,174,73,230,299,240,219,183,176,95,171,248,188,262,187,147,223,253
86,358,252,269,273,235,476,508,500,488,453,488,465,121,156,405,425,294,321,402,415,329,313,307,199,333,355,197,577,609,596,474,427,451,477,451,434,451,478,456,493,347,417,399,361,389,379,169,52,525,493,496,519,514,82,202,257,228,70,58,104,481,455,416,584,380,38,232,613,533,23,165,521,111,471,408,558,85,306,341,272,559,182,280,234,542,429,0,443,410,421,568,366,526,135,431,389,372,443,498,582,171,363,391,354,478,537,131,562,596,547,523,503,500,609,499,534,567,497,311,209
87,113,192,180,171,211,182,148,176,148,162,175,145,322,287,93,109,150,124,57,32,124,150,181,292,110,90,251,154,181,179,69,84,105,94,76,61,69,67,33,58,139,139,122,149,152,116,286,392,143,91,82,90,100,362,261,224,248,392,417,358,48,40,37,141,87,418,225,170,89,422,323,88,337,28,70,153,361,139,115,180,117,261,192,213,121,161,443,0,165,71,132,87,124,316,36,54,78,136,111,142,298,102,77,90,120,98,335,121,160,112,84,130,59,166,56,113,136,68,144,235
88,90,204,220,175,196,66,109,91,86,45,78,62,300,269,74,58,190,182,117,142,123,115,105,216,151,138,222,202,233,211,126,82,75,108,100,106,231,232,198,215,78,26,46,55,26,64,242,360,132,255,140,169,149,341,207,152,182,344,366,308,158,136,180,256,96,375,183,288,214,386,252,241,300,177,98,171,326,153,203,155,223,255,134,235,174,20,410,165,0,221,274,118,146,276,129,148,182,46,119,235,239,210,206,168,90,240,280,252,235,197,188,113,182,263,197,270,203,158,214,237
89,147,175,152,165,203,249,219,245,218,227,244,213,303,269,148,170,132,106,104,81,140,169,206,298,112,103,243,216,240,243,140,147,173,165,145,126,30,59,53,83,174,198,176,192,203,162,279,372,214,72,153,155,169,339,262,237,256,379,404,348,116,111,42,179,128,401,226,203,135,401,324,106,322,87,124,222,343,139,81,184,166,241,207,187,187,222,421,71,221,0,151,114,194,305,100,76,58,200,182,191,297,58,32,82,190,126,329,152,214,171,142,201,117,211,104,114,196,135,110,214
90,243,318,300,301,340,263,205,243,219,253,249,230,448,413,213,217,274,247,187,164,256,282,312,424,240,221,381,134,138,158,148,196,200,170,175,174,122,93,112,76,268,248,239,274,269,241,416,518,184,85,138,112,138,486,393,356,381,521,546,488,117,142,153,49,217,545,356,56,61,548,455,47,465,107,194,163,488,270,229,312,68,386,324,335,129,263,568,132,274,151,0,219,157,445,160,185,197,233,169,81,430,208,179,216,196,35,466,27,106,96,89,188,93,81,81,44,113,116,259,359
91,33,120,121,94,131,164,163,173,150,138,166,134,246,210,56,84,88,70,36,55,38,63,95,205,41,21,170,213,244,234,109,71,102,118,90,70,133,146,113,144,60,100,74,78,95,54,203,314,172,169,131,153,150,286,176,137,162,310,335,276,116,89,79,223,24,338,140,254,172,343,237,175,256,113,45,198,282,61,86,96,195,187,105,147,178,124,366,87,118,114,219,0,165,235,65,40,65,114,140,217,213,92,92,50,129,185,251,206,230,182,158,151,137,245,141,198,201,131,101,162
92,167,285,284,258,293,112,49,87,68,110,96,87,408,373,120,104,251,229,132,132,198,213,225,346,204,182,329,57,88,70,59,99,78,49,76,95,183,165,145,134,181,125,132,173,153,148,358,474,27,182,42,48,25,449,327,277,306,466,490,430,79,88,161,123,147,495,294,152,100,503,381,144,415,109,121,33,441,226,231,254,92,351,249,312,31,129,526,124,146,194,157,165,0,392,110,159,195,100,28,96,363,222,201,198,56,132,403,130,91,63,72,35,86,121,106,173,59,61,256,327
93,225,130,156,145,106,342,374,366,353,319,354,330,38,44,271,290,173,200,271,286,197,179,172,77,206,227,65,444,476,462,341,293,316,343,317,302,334,358,333,369,213,282,264,227,255,245,34,84,390,376,363,387,381,68,68,124,95,76,101,44,351,324,292,456,248,103,98,486,405,112,57,399,24,344,275,424,50,177,224,140,430,70,145,123,409,295,135,316,276,305,445,235,392,0,300,262,250,308,364,452,45,248,273,230,343,413,31,437,465,416,393,369,371,479,372,415,435,366,198,94
94,84,182,177,158,196,149,123,146,118,127,144,112,310,275,57,73,145,121,29,23,103,126,152,268,99,76,235,151,181,174,50,48,72,69,45,26,104,103,69,90,108,103,86,116,116,82,268,379,123,127,70,89,90,351,241,199,225,376,401,341,51,25,60,159,58,403,205,190,108,408,301,119,322,53,35,142,347,125,121,161,130,251,167,207,116,125,431,36,129,100,160,65,110,300,0,49,86,101,90,152,278,114,97,89,91,124,316,144,166,117,93,106,73,179,79,146,137,66,147,225
95,72,138,129,117,156,184,169,187,160,159,182,150,268,233,76,102,98,72,34,28,72,101,135,239,56,36,197,199,228,223,100,82,112,116,90,68,94,107,76,109,99,126,102,116,128,86,232,338,171,129,119,136,139,308,208,173,196,337,363,304,95,72,39,195,53,363,171,225,144,367,269,140,282,82,54,191,306,85,72,126,170,207,142,161,164,150,389,54,148,76,185,40,159,262,49,0,39,133,138,194,245,69,58,40,135,152,281,175,210,162,135,154,111,220,111,161,184,113,97,181
96,97,122,104,108,146,222,207,225,199,197,220,188,252,217,113,139,78,51,72,62,84,112,149,240,53,48,187,230,258,255,135,120,150,154,128,107,85,108,85,121,122,162,136,143,160,118,223,322,209,127,154,167,173,290,205,179,198,325,351,294,124,106,45,215,85,349,168,242,165,351,266,150,269,105,92,226,292,81,37,125,194,190,149,139,197,186,372,78,182,58,197,65,195,250,86,39,0,171,175,219,240,30,29,23,173,166,273,191,238,190,162,191,137,243,131,165,214,144,66,163
97,97,220,230,191,219,51,67,61,45,26,53,23,329,296,59,31,198,184,99,119,132,135,136,254,153,135,250,157,188,166,85,53,33,64,62,75,205,200,168,180,97,27,47,81,56,70,274,392,88,223,97,125,104,370,240,187,217,379,402,343,119,101,159,212,90,410,212,243,172,419,290,203,332,142,79,126,358,164,199,178,179,279,163,251,128,31,443,136,46,200,233,114,100,308,101,133,171,0,74,190,274,201,191,162,44,200,315,209,190,153,146,68,142,218,158,233,158,117,215,258
98,140,259,260,232,266,94,40,75,50,87,80,64,381,346,93,76,228,206,109,113,172,185,197,318,180,158,302,84,116,98,42,72,50,23,51,71,175,161,136,133,153,97,104,145,125,120,331,447,33,181,35,57,32,422,299,248,278,438,462,402,72,72,145,141,121,467,267,172,109,476,353,149,387,102,95,60,414,201,210,227,109,325,221,288,54,103,498,111,119,182,169,140,28,364,90,138,175,74,0,117,335,204,185,176,30,140,375,144,116,81,81,21,86,145,106,179,84,58,235,301
99,232,332,322,309,348,207,144,182,164,204,191,180,461,426,191,185,292,265,181,167,255,276,298,417,249,227,387,56,58,78,117,169,162,128,145,154,168,139,140,109,252,211,211,251,238,220,420,531,120,145,97,68,87,501,392,347,375,528,553,493,101,128,175,33,207,555,357,57,56,560,451,97,474,114,180,90,499,276,255,313,26,401,317,354,65,220,582,142,235,191,81,217,96,452,152,194,219,190,117,0,429,239,212,232,147,75,468,56,26,39,59,130,83,28,89,115,38,87,285,375
100,198,126,158,132,95,305,341,330,319,283,317,296,81,71,243,259,167,191,249,267,175,153,139,32,191,209,59,417,449,433,316,265,286,314,290,276,325,347,319,354,182,248,232,193,219,215,26,123,359,367,337,363,354,113,37,88,58,105,127,69,329,301,279,436,223,136,74,468,385,148,28,384,66,325,250,394,91,161,219,119,408,88,114,130,383,258,171,298,239,297,430,213,363,45,278,245,240,274,335,429,0,243,266,218,312,396,41,419,440,393,371,338,351,457,354,403,409,342,196,102
101,123,119,94,112,148,251,236,255,229,227,251,218,245,211,142,169,76,53,102,91,104,130,168,247,70,73,187,255,282,281,163,150,180,183,158,136,89,116,100,135,147,191,165,168,188,146,224,314,237,131,181,192,200,281,209,191,206,321,346,291,149,134,65,231,114,343,174,257,184,343,270,162,265,127,122,253,285,92,23,135,214,183,163,129,223,215,363,102,210,58,208,92,222,248,114,69,30,201,204,239,243,0,29,44,203,180,272,206,259,213,184,221,159,261,150,172,237,169,52,156
102,125,144,122,133,171,241,219,241,214,217,238,206,272,238,134,160,100,74,91,74,113,142,179,267,82,77,211,230,256,256,143,138,167,165,142,121,61,87,72,107,151,185,160,170,186,144,248,341,218,103,159,167,177,308,231,208,225,347,373,317,125,113,40,203,110,370,195,229,156,371,292,133,291,100,112,231,312,109,50,153,186,210,178,157,199,209,391,77,206,32,179,92,201,273,97,58,29,191,185,212,266,29,0,52,187,151,297,178,233,187,158,203,132,233,123,144,212,145,80,183
103,80,102,90,86,125,213,205,219,194,187,213,181,233,198,103,131,60,33,68,67,61,89,127,217,30,29,166,238,268,262,139,114,145,154,127,105,108,129,103,139,103,150,124,125,145,103,202,303,209,149,159,175,178,272,182,156,174,305,331,273,134,112,63,230,73,330,145,259,180,333,244,169,249,118,86,231,272,58,37,102,207,172,126,123,204,174,354,90,168,82,216,50,198,230,89,40,23,162,176,232,218,44,52,0,170,184,251,208,249,200,173,191,149,257,146,186,223,152,58,145
104,122,245,249,217,248,68,35,56,28,58,57,34,362,327,75,53,216,198,102,113,156,165,173,293,169,148,282,113,144,123,55,57,28,28,46,67,188,177,149,152,130,69,80,120,98,98,309,427,47,199,58,85,61,403,277,225,254,416,439,380,89,80,150,170,106,446,246,201,135,455,329,171,366,117,85,84,393,186,206,208,138,308,198,274,84,73,478,120,90,190,196,129,56,343,91,135,173,44,30,147,312,203,187,170,0,165,353,171,146,110,107,26,108,175,127,201,114,81,228,285
105,208,286,270,268,307,233,178,215,190,221,220,199,417,382,178,183,243,216,152,130,222,248,276,389,207,187,348,120,132,147,115,161,167,138,141,139,98,69,81,45,233,214,205,239,234,205,383,487,159,70,107,84,110,455,359,321,346,488,514,455,82,107,121,55,182,513,322,77,32,516,420,22,433,72,159,144,456,236,199,278,53,355,290,304,107,230,537,98,240,126,35,185,132,413,124,152,166,200,140,75,396,180,151,184,165,0,432,27,101,75,60,159,59,88,45,43,98,84,230,328
106,238,154,182,166,127,346,382,371,360,324,358,337,64,74,283,300,197,223,287,304,213,192,179,68,226,245,86,457,489,474,355,305,326,355,330,316,358,381,354,389,223,289,273,234,260,256,50,86,400,399,377,402,394,83,76,129,99,64,86,28,367,340,314,474,262,95,111,505,423,108,36,419,37,362,289,435,56,196,249,156,446,100,155,151,422,299,131,335,280,329,466,251,403,31,316,281,273,315,375,468,41,272,297,251,353,432,0,456,479,432,409,378,388,496,391,437,449,381,223,121
107,227,311,296,292,331,237,179,216,193,228,223,205,442,406,194,196,268,241,172,152,244,269,296,411,231,210,372,107,114,132,126,175,177,146,153,155,125,95,107,71,251,226,219,256,248,222,406,512,158,94,113,87,112,480,382,342,368,512,538,479,97,124,147,29,201,538,345,51,38,541,443,48,457,93,177,136,480,260,225,300,40,380,311,330,102,240,562,121,252,152,27,206,130,437,144,175,191,209,144,56,419,206,178,208,171,27,456,0,82,69,64,161,73,63,65,60,86,93,256,353
108,242,347,339,324,361,201,137,173,158,201,184,177,476,440,198,189,308,282,194,183,267,287,306,426,264,242,400,39,33,56,125,176,164,131,151,164,192,164,162,133,260,213,216,257,240,228,432,545,112,170,103,77,89,516,403,356,385,540,565,505,116,141,195,57,217,568,368,73,80,574,461,122,487,133,190,76,512,291,275,325,50,416,326,371,62,219,596,160,235,214,106,230,91,465,166,210,238,190,116,26,440,259,233,249,146,101,479,82,0,49,76,126,101,35,110,141,32,99,304,390
109,195,298,290,275,313,173,112,150,129,168,158,144,427,392,152,146,259,234,145,134,219,239,260,380,215,193,352,48,70,75,78,131,123,90,106,116,151,126,118,94,214,173,173,213,199,182,384,496,90,137,59,30,49,467,356,310,338,492,517,457,67,92,148,61,170,519,320,91,45,525,414,93,438,86,143,68,463,242,227,277,29,368,280,322,34,183,547,112,197,171,96,182,63,416,117,162,190,153,81,39,393,213,187,200,110,75,432,69,49,0,29,96,54,67,67,118,26,51,256,342
110,174,272,263,250,288,174,118,155,131,164,161,141,402,366,135,134,233,207,122,108,196,218,241,359,190,167,328,75,99,103,63,115,114,82,91,97,123,99,89,67,196,163,159,197,187,165,361,471,99,113,49,24,50,442,334,290,317,468,493,434,42,69,119,69,148,495,298,101,28,501,393,72,414,58,122,89,439,217,199,254,38,342,259,296,51,176,523,84,188,142,89,158,72,393,93,135,162,146,81,59,371,184,158,173,107,60,409,64,76,29,0,99,25,87,39,101,55,31,228,316
111,147,269,272,241,273,77,19,55,33,75,62,52,387,353,100,78,239,219,122,130,180,191,199,319,192,170,308,90,120,99,61,80,53,38,64,85,196,182,156,154,156,93,105,145,123,124,335,452,22,201,55,75,50,428,303,250,280,442,465,405,92,91,164,157,130,472,271,186,128,480,355,169,392,122,107,59,419,210,226,233,125,333,224,298,66,95,503,130,113,201,188,151,35,369,106,154,191,68,21,130,338,221,203,191,26,159,378,161,126,96,99,0,107,157,126,199,95,79,249,310
112,156,249,239,227,266,176,126,161,135,163,165,142,379,344,121,125,209,182,102,85,175,199,224,341,167,145,306,99,124,126,56,103,109,81,82,82,100,79,64,48,179,155,147,183,176,150,340,449,111,96,52,40,61,419,313,271,298,447,472,413,24,51,94,86,130,473,277,118,36,478,373,63,392,32,105,108,417,195,173,233,59,319,240,272,72,171,500,59,182,117,93,137,86,371,73,111,137,142,86,83,351,159,132,149,108,59,388,73,101,54,25,107,0,109,20,93,80,28,203,292
113,260,358,346,336,374,233,170,207,190,231,217,207,488,452,219,213,317,290,208,193,282,304,326,446,275,253,414,74,64,90,145,198,190,156,173,182,185,156,161,128,281,239,240,280,266,249,448,557,145,157,126,97,115,528,420,375,403,555,580,520,128,156,198,34,235,582,384,38,78,587,479,110,501,138,208,111,525,303,279,340,50,427,345,380,91,248,609,166,263,211,81,245,121,479,179,220,243,218,145,28,457,261,233,257,175,88,496,63,35,67,87,157,109,0,112,122,62,115,309,401
114,163,248,235,228,267,195,145,180,154,181,184,160,379,343,132,139,206,179,107,87,179,204,232,346,167,146,307,114,136,142,74,116,125,99,97,94,84,61,52,29,188,170,160,194,190,160,342,448,131,76,71,58,81,418,317,277,303,448,473,415,39,62,87,84,137,474,280,114,34,478,378,45,393,29,114,126,417,195,167,236,63,317,246,269,89,188,499,56,197,104,81,141,106,372,79,111,131,158,106,89,354,150,123,146,127,45,391,65,110,67,39,126,20,112,0,75,93,47,197,291
115,225,286,266,272,311,269,217,253,228,256,258,234,415,381,202,212,242,215,169,144,233,261,293,400,213,196,351,163,173,189,149,188,200,174,171,165,83,57,85,56,252,244,231,261,261,228,388,485,200,43,144,125,150,452,367,334,357,490,515,459,114,134,124,88,200,513,330,100,74,514,429,30,434,94,181,186,456,242,194,286,95,353,302,301,150,262,534,113,270,114,44,198,173,415,146,161,165,233,179,115,403,172,144,186,201,43,437,60,141,118,101,199,93,122,75,0,140,121,224,326
116,211,319,313,295,332,171,107,145,128,169,154,146,447,411,167,156,281,256,165,156,238,256,274,395,236,214,371,23,45,50,94,145,132,99,120,133,177,152,144,119,229,181,184,225,208,196,402,515,83,162,72,48,57,487,373,325,353,510,534,475,90,113,172,70,187,538,338,95,69,544,429,116,457,111,160,52,482,262,251,295,46,388,295,344,30,187,567,136,203,196,113,201,59,435,137,184,214,158,84,38,409,237,212,223,114,98,449,86,32,26,55,95,80,62,93,140,0,71,279,362
117,145,248,242,224,262,149,98,133,107,137,137,115,377,341,104,103,210,185,95,85,168,189,211,330,165,142,301,87,116,112,32,84,84,54,61,67,122,104,84,75,165,133,128,166,156,134,333,445,85,123,24,23,36,417,305,260,288,441,466,406,20,42,105,100,119,469,270,132,56,475,364,91,388,48,93,87,413,191,181,226,68,317,230,273,54,147,497,68,158,135,116,131,61,366,66,113,144,117,58,87,342,169,145,152,81,84,381,93,99,51,31,79,28,115,47,121,71,0,209,291
118,123,70,43,72,102,265,262,274,251,239,268,236,193,160,157,185,34,32,126,125,93,112,146,204,63,80,139,296,324,320,197,171,202,212,185,163,140,167,149,185,140,200,173,164,189,151,175,262,267,182,217,232,236,229,165,157,166,270,295,241,190,170,110,280,125,291,132,307,231,291,224,212,214,171,143,289,234,67,30,100,260,131,134,77,261,223,311,144,214,110,259,101,256,198,147,97,66,215,235,285,196,52,80,58,228,230,223,256,304,256,228,249,203,309,197,224,279,209,0,105
119,163,43,63,69,42,301,319,319,301,276,309,281,89,55,210,234,85,112,198,208,130,123,136,121,126,149,46,375,406,396,271,230,258,279,251,233,244,270,247,284,162,235,212,183,212,189,77,159,331,286,293,314,312,127,82,109,99,165,190,137,275,250,207,375,181,187,69,404,324,188,130,313,109,263,207,360,129,101,133,82,351,27,109,30,340,253,209,235,237,214,359,162,327,94,225,181,163,258,301,375,102,156,183,145,285,328,121,353,390,342,316,310,292,401,291,326,362,291,105,0
