21179,46738,"21005,21123,21029,21215,21229,21155,21093"
21227,134554,"21031,21061,21003,21009,21213,21141"
21003,20588,"21171,21227,21009,21213"
21061,12126,"21085,21031,21227,21009,21099"
21031,12371,"21177,21085,21183,21227,21061,21141"
21015,135968,"21077,21081,21117"
21023,8400,"21161,21201,21097,21191"
21037,93076,"21191,21117"
21191,14644,"21023,21097,21037,21081,21117"
21077,8690,"21041,21187,21015,21081"
21117,169064,"21191,21037,21015,21081"
21081,24941,"21097,21191,21209,21187,21077,21015,21117"
21221,14061,"21047,21157,21035,21143,21033"
21047,72748,"21107,21219,21177,21033,21221"
21005,23852,"21167,21239,21073,21179,21215,21211,21229"
21073,51541,"21005,21239,21209,21103,21187,21211"
21009,44485,"21169,21171,21227,21061,21003,21099"
21169,10286,"21087,21057,21001,21171,21009,21099"
21021,30614,"21045,21137,21079,21167,21229,21155"
21137,24275,"21203,21199,21045,21021,21079"
21123,14867,"21087,21217,21179,21155,21093,21099"
21093,110702,"21123,21029,21111,21179,21027,21085,21163,21099"
21163,30003,"21027,21093"
21101,44793,"21225,21233,21149,21059"
21087,11107,"21169,21217,21001,21123,21099"
21217,26023,"21045,21087,21001,21123,21155"
21177,30928,"21107,21047,21219,21149,21183,21031,21141"
21043,26627,"21205,21019,21127,21063,21135,21089"
21019,48261,"21043,21127,21089"
21089,35962,"21043,21019,21135"
21049,36972,"21173,21017,21197,21065,21151,21067"
21239,26871,"21167,21113,21005,21067,21073,21209"
21209,57155,"21017,21097,21239,21067,21073,21187,21081"
21017,20252,"21049,21173,21181,21097,21067,21209"
21067,322570,"21049,21017,21151,21113,21239,21209"
21113,52991,"21151,21079,21167,21239,21067"
21235,36712,"21013,21121,21125,21147"
21121,30193,"21013,21235,21125,21051"
21125,62613,"21203,21109,21235,21121,21051,21199,21147"
21051,20345,"21131,21193,21189,21109,21013,21121,21125"
21029,82217,"21111,21179,21215,21093"
21103,15678,"21073,21223,21041,21187,21185,21211"
21211,48065,"21005,21073,21103,21111,21185,21215"
21111,782969,"21029,21185,21215,21211,21093"
21185,67607,"21223,21103,21111,21211"
21215,19490,"21005,21029,21111,21179,21211"
21107,45423,"21047,21177,21233,21149,21033"
21083,36649,"21157,21035,21105,21039,21145"
21161,17120,"21023,21135,21201,21069"
21013,24097,"21131,21095,21235,21121,21051"
21173,28114,"21165,21049,21011,21017,21197"
21165,6113,"21237,21175,21205,21173,21011,21197"
21011,12750,"21205,21165,21173,21181,21069"
21035,37103,"21157,21221,21083"
21149,9152,"21107,21177,21233,21101,21059,21183"
21091,9095,"21027,21059,21183"
21059,103312,"21101,21149,21183,21091"
21145,67875,"21139,21157,21007,21039,21083"
21007,7728,"21039,21145"
21139,8888,"21157,21143,21055,21145"
21065,14163,"21129,21049,21197,21109,21151"
21151,92701,"21049,21203,21109,21065,21079,21113,21067"
21199,65034,"21203,21125,21147,21231,21045,21137,21207"
21071,35942,"21153,21115,21159,21119,21195"
21229,12027,"21021,21167,21005,21179,21155"
21039,4826,"21105,21007,21145,21083"
21183,23772,"21177,21027,21085,21149,21059,21091,21031"
21195,58669,"21159,21133,21119,21071"
21025,13718,"21153,21237,21193,21119,21129,21189"
21105,4521,"21039,21083,21075"
21225,13668,"21233,21101,21055"
21131,10513,"21193,21095,21013,21051"
21143,8680,"21139,21157,21055,21033,21221"
21109,12955,"21129,21189,21203,21065,21151,21125,21051"
21167,22641,"21021,21079,21113,21005,21239,21229"
21135,13080,"21205,21043,21161,21089,21069"
21157,31659,"21139,21035,21143,21221,21145,21083"
21099,19288,"21169,21087,21123,21085,21093,21061,21009"
21057,5888,"21169,21207,21053,21001,21171"
21085,26420,"21027,21093,21183,21031,21061,21099"
21153,11637,"21237,21115,21175,21119,21071,21025"
21219,12243,"21047,21177,21141"
21027,20432,"21085,21163,21093,21183,21091"
21213,19594,"21227,21003,21141"
21205,24662,"21175,21043,21063,21135,21165,21011,21069"
21041,10810,"21223,21103,21187,21077"
21075,6515,"21105"
21203,16037,"21109,21151,21125,21199,21137,21079"
21223,8474,"21103,21041,21185"
21147,16888,"21235,21125,21199,21231"
21133,21548,"21193,21119,21195,21095"
21155,19581,"21045,21021,21217,21123,21179,21229"
21069,15082,"21205,21161,21135,21201,21011,21181"
21033,12649,"21107,21047,21233,21143,21055,21221"
21079,16953,"21203,21151,21137,21021,21167,21113"
21045,15941,"21199,21137,21021,21217,21207,21001,21155"
21207,17991,"21199,21231,21045,21057,21053,21001"
21187,11278,"21073,21209,21103,21041,21077,21081"
21181,7537,"21201,21011,21017,21069,21097"
21115,22680,"21153,21175,21159,21127,21071"
21233,13017,"21107,21225,21101,21149,21055,21033"
21053,9253,"21231,21057,21207"
21231,19555,"21199,21147,21207,21053"
21001,18903,"21045,21169,21087,21217,21057,21207"
21097,18692,"21023,21201,21017,21181,21191,21209,21081"
21193,28473,"21131,21133,21119,21025,21189,21095,21051"
21055,8990,"21225,21233,21139,21143,21033"
21119,14251,"21153,21133,21193,21195,21071,21025"
21127,16293,"21115,21175,21159,21043,21019,21063"
21175,13726,"21153,21237,21115,21205,21127,21063,21165"
21237,6562,"21153,21175,21025,21129,21165,21197"
21201,2193,"21023,21161,21181,21069,21097"
21129,7395,"21237,21025,21189,21197,21109,21065"
21159,11287,"21115,21127,21195,21071"
21189,4051,"21193,21025,21129,21109,21051"
21095,26831,"21131,21133,21193,21013"
21063,7354,"21175,21205,21043,21127"
21197,13129,"21237,21129,21165,21049,21173,21065"
21171,11338,"21169,21057,21003,21009"
21141,27432,"21219,21177,21031,21227,21213"
