31165,1135,"31157,31013,31045"
31111,34676,"31047,31041,31113,31117,31063,31085,31101,31135"
31163,2959,"31041,31019,31093,31175,31077"
31113,716,"31111,31041,31117,31009,31171"
31121,7668,"31081,31143,31125,31141,31079,31093"
31161,5127,"31075,31031,31069,31123,31013,31045"
31133,2544,"31097,31067,31127,31147"
31153,190604,"31025,31155,31055"
31075,611,"31005,31091,31031,31069,31161"
31021,6722,"31039,31173,31177,31053"
31155,22278,"31109,31025,31153,31023,31053,31055"
31009,431,"31041,31113,31115,31031,31171,31017"
31051,5606,"31043,31173,31027,31179"
31167,5842,"31039,31037,31119,31179,31141"
31183,774,"31003,31011,31175,31089,31077,31071"
31061,2889,"31083,31181,31099"
31053,37167,"31039,31021,31155,31023,31177,31037,31055"
31029,3893,"31085,31057,31135"
31019,50084,"31047,31041,31137,31079,31093,31163,31001,31099"
31059,5551,"31185,31169,31129,31035,31151"
31185,14125,"31081,31143,31159,31035,31059"
31159,17609,"31109,31023,31185,31151"
31035,6104,"31185,31081,31129,31059,31181,31001"
31033,9468,"31105,31049,31069,31007,31123"
31069,1874,"31101,31005,31075,31033,31049,31123,31161"
31083,3073,"31065,31061,31137"
31177,20865,"31021,31053,31055"
31091,711,"31117,31005,31075,31031,31171"
31147,7871,"31133,31127"
31065,4636,"31145,31063,31073,31083,31137"
31093,6475,"31121,31125,31019,31079,31163,31077"
31175,4059,"31041,31163,31183,31077,31071"
31027,8380,"31051,31107,31139,31179"
31169,5034,"31129,31059,31095"
31049,1838,"31101,31135,31033,31069"
31123,4555,"31033,31069,31007,31157,31013,31161"
31079,62895,"31081,31121,31019,31093,31001"
31081,9429,"31185,31121,31143,31035,31079,31001"
31115,607,"31041,31089,31071,31149,31009,31017"
31063,2519,"31047,31111,31065,31145,31087,31085,31073"
31125,3380,"31121,31141,31011,31093,31077"
31107,8391,"31139,31027,31003,31015,31089"
31135,2858,"31111,31085,31029,31101,31049"
31037,10582,"31039,31023,31053,31167,31141"
31023,8369,"31109,31155,31053,31037,31143,31141,31159"
31031,5455,"31009,31091,31075,31171,31017,31103,31161"
31039,9013,"31173,31021,31053,31037,31167,31179"
31109,322608,"31131,31025,31067,31155,31023,31159,31151"
31129,4095,"31169,31035,31059,31181"
31101,8335,"31111,31117,31135,31005,31049,31069"
31137,8968,"31047,31065,31073,31083,31019,31099"
31181,3395,"31129,31035,31061,31001,31099"
31043,21582,"31051,31173"
31015,1810,"31107,31089,31103"
31171,669,"31113,31117,31009,31091,31031"
31089,10127,"31107,31003,31115,31183,31015,31071,31149"
31017,2903,"31115,31149,31009,31031,31103"
31103,769,"31015,31149,31031,31017"
31007,674,"31105,31033,31123,31157"
31077,2188,"31125,31011,31093,31163,31175,31183"
31095,7240,"31067,31169,31151"
31151,14292,"31109,31067,31159,31059,31095"
31057,1654,"31087,31085,31029"
31157,36084,"31007,31123,31165,31013"
31001,31205,"31081,31035,31181,31019,31079,31099"
31131,15912,"31097,31109,31025,31127"
31099,6688,"31061,31181,31137,31019,31001"
31087,2616,"31145,31063,31085,31057"
31105,3434,"31033,31007"
31127,7074,"31097,31131,31133,31147"
31041,10545,"31047,31111,31113,31019,31163,31175,31115,31071,31009"
31025,26598,"31131,31109,31153,31155"
31143,5214,"31023,31185,31081,31121,31141"
31045,8199,"31165,31013,31161"
31179,9697,"31051,31039,31173,31139,31167,31027"
31071,1813,"31041,31175,31115,31183,31089"
31055,584526,"31153,31155,31177,31053"
31139,7317,"31107,31119,31027,31179,31003"
31141,34296,"31023,31037,31119,31167,31121,31143,31125,31011"
31013,10842,"31123,31157,31165,31161,31045"
31173,6773,"31051,31039,31043,31021,31179"
31011,5379,"31119,31003,31125,31141,31183,31077"
31119,35585,"31139,31167,31003,31141,31011"
31117,399,"31111,31113,31101,31005,31091,31171"
31145,10702,"31065,31087,31063"
31149,1262,"31115,31089,31017,31103"
31073,1893,"31047,31065,31063,31137"
31067,21704,"31097,31133,31109,31151,31095"
31047,24111,"31111,31041,31063,31073,31137,31019"
31005,434,"31117,31101,31091,31075,31069"
31085,856,"31111,31087,31063,31029,31057,31135"
31097,5290,"31131,31133,31067,31127"
31003,6295,"31107,31119,31139,31011,31183,31089"
