05111490200,1412,"05031000900,05031001000,05037950200,05111490100,05111490700,05111490300,05111490400,05111490502"
05111490100,3946,"05031001000,05037950100,05035030701,05111490200,05111490700,05093011300,05093010900"
05111490600,1413,"05037950300,05031001200,05111490502,05067480401,05067480402"
05111490300,3317,"05031000900,05111490200,05111490400"
05111490400,4479,"05031000900,05111490200,05111490300"
05111490700,2162,"05111490100,05111490200"
05007021408,5920,"05007021314,05143010201,05143010202,05007021406,05007021407,05007021409,05143010101"
05007020803,4653,"05007020701,05007020801,05007020806,05007020805"
05007020504,2819,"05007020501,05007020503,05007020604,05007020305,05007020304,05007020102"
05125010406,5702,"05053470100,05125010407,05125010405,05119004004,05125010409,05053470200"
05125010407,4943,"05125010602,05125010106,05125010410,05125010408,05125010406,05053470300,05053470200"
05125010511,6677,"05125010107,05125010519,05125010518,05125010509,05119004227,05125010512,05125010302,05125010104,05125010301,05125010507"
05125010303,4178,"05125010601,05125010512,05125010302,05125010101,05125010508"
05125010302,3758,"05125010303,05125010512,05125010104,05125010511,05125010101,05125010301"
05125010512,3238,"05125010303,05125010302,05125010511,05125010507"
05125010508,5138,"05125010303,05051010401,05125010517,05051010502,05051010501,05125010507,05125010514,05125010513,05059020101"
05125010509,5570,"05119004226,05119004220,05125010519,05125010518,05125010520,05119004227,05125010511"
05149952500,4060,"05105952900,05149952600,05149952401,05149952402,05083950600,05127950100"
05149952600,2119,"05105952900,05149952500,05051012001,05127950300,05097953100,05097953000"
05069000502,2906,"05069002300,05069002500,05069001200,05069001000,05069000303,05069001401,05069001300,05069002400"
05069001901,1354,"05079960400,05025970100,05069002500,05069001903,05069000900,05069002000"
05069002104,3782,"05025970100,05053470100,05069002000,05069001501,05069002103"
05069000301,378,"05053470100,05069000303,05069000302,05069001401,05069001402,05069002400,05069002103"
05145070100,4275,"05145070501,05145070600,05147490200,05067480500,05063490800,05145070200"
05145070700,4083,"05145070802,05145070801,05145071101,05145070501,05145070402"
05145070300,5133,"05045030202,05145071001,05145070902,05145071002,05023480501,05145070200,05145070401"
05145070600,3714,"05145071101,05145070502,05145070501,05147490200,05145070100"
05145070200,4787,"05145070501,05145070100,05063490800,05145070300,05023480501,05023480400,05023480100,05145070402,05145070401"
05033020204,5343,"05033020401,05033020602,05033020601,05033020502,05033020301,05033020205,05033020206,05033020208,05033020207"
05141460200,3418,"05141460304,05141460400,05029950200,05029950100,05141460100,05115950700"
05141460400,3835,"05141460304,05045030101,05141460303,05045030201,05029950100,05141460200,05023480502"
05141460100,3287,"05141460304,05141460200,05129970300,05129970100,05137950100,05141460301,05115950700"
05119004220,6712,"05119004226,05119004104,05125010520,05125010509,05119004103"
05119003002,2637,"05119003202,05119003208,05119002900,05119003100,05119003001"
05007020304,4380,"05007020504,05007020305,05007020301,05007020201,05007020102"
05007020305,4068,"05007020503,05007020504,05007020304,05007020302,05007020401,05007020301"
05033020301,4484,"05033020502,05033020204,05033020302"
05119003305,3899,"05119003308,05119003202,05119003306,05119002900"
05103950600,4120,"05103950302,05103950500,05103950400,05103950200,05103950101"
05103950200,2273,"05099090100,05019953902,05019953901,05103950302,05103950600,05103950400,05103950102"
05103950400,3083,"05103950600,05103950200,05103950102,05103950101"
05103950500,3417,"05013480200,05103950302,05103950600,05103950301,05103950101"
05033020302,3925,"05033020502,05033020301,05131000200,05033020208,05033020207"
05033020502,4588,"05033020401,05033020501,05033020204,05033020301,05033020302,05131000100"
05033020501,4101,"05033020401,05033020502,05131000600,05131001301,05131001305,05131001308,05131000100"
05093010100,1262,"05093010601,05093010300,05093010200"
05067480300,4059,"05067480200,05067480401,05067480402,05067480100"
05067480200,3429,"05063490400,05067480300,05067480401,05067480100,05067480500"
05067480500,1676,"05063490400,05067480200,05067480401,05147490200,05145070100,05063490800"
05067480100,3175,"05031001200,05063490400,05067480200,05067480300,05067480402,05075470300,05075470400"
05091020701,3534,"05091020702,05091020801,05091020100"
05125010516,2075,"05125010515,05051010401,05125010517,05051012001,05051012002"
05125010106,3276,"05125010602,05125010407,05125010107,05125010410,05125010105,05125010101"
05125010513,3134,"05125010601,05125010602,05125010508,05125010514,05053470300"
05125010514,3640,"05125010508,05125010513,05053470300,05059020102"
05125010105,5359,"05125010106,05125010107,05125010104,05125010101"
05125010602,3097,"05125010601,05125010106,05125010407,05125010101,05125010513,05053470300"
05125010104,3821,"05125010107,05125010302,05125010511,05125010105,05125010101,05125010301"
05125010601,3349,"05125010602,05125010303,05125010101,05125010513"
05119004500,2441,"05119004801,05119001300,05119004400,05119001100,05119004700"
05119003001,2988,"05119003002,05119002900,05119001502,05119003100,05119002500,05119004400"
05119003207,1911,"05119004307,05119004302,05119003202,05119980100,05119003208"
05035030805,3396,"05035030702,05035030703,05035030804,05035030806,05035030803"
05035030804,4335,"05035030703,05035030805,05035030803"
05091020500,2550,"05091020802,05091020400,05091020600"
05091020400,2771,"05091020802,05091020200,05091020600,05091020500,05091020702"
05007021306,4625,"05007020607,05007020401,05007021316,05007021308,05007020405,05007021305,05007021304"
05091020200,2740,"05091020400,05091020702,05091020100"
05091020600,2100,"05091020802,05091020400,05091020500,05091020702"
05119003307,1740,"05119003308,05119003303,05119003800,05119002800"
05119003405,1454,"05119003403,05119003404,05119003406,05119980300,05119003604"
05119003406,4780,"05119004302,05045030303,05119003403,05119003713,05119003405,05119003605,05119003604"
05119980300,3136,"05119003609,05119003404,05119003405,05119003604"
05119980400,532,"05119003900,05119004600,05119002700,05119002600,05119004400,05119000500,05119004001,05119004007"
05119980100,4,"05119004307,05119003207,05119003208,05119001600,05119003100"
05119004307,5148,"05119004309,05119004902,05119004302,05119004205,05119004308,05119980100,05119003207,05119001600"
05119004801,2415,"05119001502,05119004500,05119001300,05119980200,05119004400"
05119003714,4449,"05119003704,05119003711,05119003713"
05119004309,4496,"05119004307,05119004302,05119004310,05119004308,05119004306"
05119004225,3978,"05119004224,05119004226,05119004218,05119004213,05119004227,05119004223,05125010507,05119004202"
05119004226,3264,"05119002405,05119004224,05119004220,05125010509,05119004227,05119004225,05119004103"
05119980200,565,"05119002103,05119001501,05119001502,05119004801,05119001800,05119001300"
05119004229,4461,"05119004205,05119004228,05119004213"
05119004223,3531,"05119004218,05119004222,05119004228,05119004219,05119004213,05119004225"
05119004224,6230,"05119002405,05119002407,05119004226,05119004218,05119004225"
05119004901,2477,"05119004902,05119002203,05119001600"
05119004311,3823,"05119004310,05045031102,05119004205,05119004308,05119004306"
05119002409,3134,"05119002407,05119002410,05119002208,05119002103,05119002403"
05119004308,3359,"05119004309,05119004307,05119004311,05119004205,05119004306"
05119004227,1605,"05119004226,05125010509,05119004225,05125010511"
05043490300,5952,"05043490500,05043490400,05043490200"
05043490200,2195,"05043490100,05043490500,05043490400,05043490300"
05043490400,3076,"05043490100,05043490500,05043490300,05043490200"
05043490500,3897,"05003960200,05079960300,05079960400,05043490100,05043490400,05043490300,05043490200,05011950100,05011950400,05025970200,05011950500"
05043490100,2230,"05003960100,05079960300,05041950400,05041950200,05041950300,05017080100,05017080200,05041950500,05043490500,05043490400,05043490200"
05137950204,4470,"05137950100,05137950203,05137950201,05065960400"
05137950203,2481,"05137950100,05137950204,05023480204,05137950201"
05119004213,5658,"05119004201,05119004205,05119004228,05119004229,05119004225,05119004223,05119004202"
05007021101,5151,"05007021312,05007021004,05007021201,05007021202,05007021102,05007021313"
05007021304,12149,"05007020607,05007020608,05007020903,05007020904,05007020906,05007021306,05007021305"
05063490702,3629,"05063490500,05063490800,05063490701"
05063490102,3578,"05063490300,05063490400,05063490101,05063490200,05075470300,05135470401,05135470402"
05063490701,3631,"05063490702,05063490800,05023480100,05063490101,05063490600,05137950201"
05063490101,2687,"05063490102,05063490701,05063490600,05063490200,05137950201,05135470402,05065960400"
05033020402,4474,"05047950301,05047950100,05033020102,05033020401,05131010101,05033020602,05033020601"
05033020401,4817,"05131010101,05033020402,05033020602,05033020501,05033020502,05033020204,05131001308"
05097953000,3008,"05149952600,05051010302,05051012001,05097953100,05097953200"
05097953200,3553,"05051011102,05051011101,05097953100,05097953000,05113950100,05113950500,05019953700,05059020701,05109953300,05109953400"
05097953100,1923,"05149952600,05127950300,05097953200,05097953000,05113950100"
05051012002,3814,"05125010516,05051010401,05051012001,05051010402"
05051012001,4952,"05105952900,05149952600,05125010516,05125010517,05051010302,05051010301,05097953000,05051012002,05051010402"
05009790502,3938,"05009790100,05009790501,05009790600,05009790200,05009790300"
05009790501,4030,"05009790100,05009790400,05009790600,05009790502"
05149952302,2950,"05149952301,05149952402,05083950100,05115951602,05115951501,05115950800"
05149952402,5561,"05149952301,05105952900,05029950600,05149952500,05149952401,05083950100,05149952302"
05149952401,2584,"05149952500,05149952402,05083950100,05083950600,05083950400"
05149952301,2989,"05115951100,05115951202,05029950600,05149952402,05115951602,05149952302"
05139950402,3423,"05027950100,05139950401,05139950501,05139950900,05139950800"
05139950401,2312,"05027950100,05139950200,05103950302,05103950301,05139950300,05139950700,05139950800,05139950402"
05139950502,2677,"05139950200,05139950100,05139950501,05139950900,05139951000"
05139950501,3386,"05139950502,05139950900,05139950402"
05047950301,3867,"05083950400,05047950302,05083950200,05047950202,05047950201,05047950100,05131010101,05033020402"
05047950201,3112,"05071951800,05071951700,05083950200,05047950301,05047950202,05047950100"
05047950202,3570,"05047950301,05047950201,05047950100"
05047950302,3028,"05083950400,05047950301,05131010101,05131010102"
05009790300,5538,"05089960100,05009790400,05009790600,05009790502,05009790200,05101180100,05129970100"
05009790200,6047,"05089960201,05089960301,05009790100,05009790502,05009790300"
05009790400,6158,"05015950501,05015950502,05009790100,05009790501,05009790600,05009790300,05101180100"
05009790100,6858,"05015950400,05009790400,05009790501,05009790502,05009790200"
05009790600,4804,"05009790400,05009790501,05009790502,05009790300"
05085020107,2638,"05145071202,05117460100,05085020103,05085020108,05085020102,05085020302,05085020400"
05085020108,5101,"05085020107,05085020103,05085020206,05085020302"
05085020105,6221,"05085020201,05085020106,05085020102"
05085020106,2226,"05045030302,05045030303,05085020201,05119003404,05145071201,05145071002,05085020105,05085020102"
05015950400,4260,"05015950202,05015950301,05015950302,05015950502,05009790100"
05015950100,2978,"05015950202,05015950201"
05053470100,5035,"05069000301,05119004005,05025970100,05069002104,05125010405,05125010406,05069002400,05069002103,05053470200,05039970100"
05053470300,3774,"05125010602,05125010407,05125010514,05125010513,05053470200,05059020500,05059020102,05039970100"
05053470200,3230,"05053470100,05125010407,05125010406,05053470300,05053470401,05053470402,05039970100"
05119004005,3268,"05119003900,05053470100,05125010405,05119004004,05119004007,05069002400"
05119004106,6081,"05119004105,05119004103,05119004108,05119004006"
05119003604,6397,"05119003608,05119003609,05119003406,05119003405,05119003605,05119980300"
05119002600,902,"05119980400,05119002700,05119002800,05119002500,05119004400"
05119002405,4920,"05119002407,05119004224,05119004226,05119002410,05119004103,05119002001,05119002406"
05119003403,2681,"05045030303,05119003404,05119003406,05119003405"
05119004104,2140,"05119004220,05119004105,05125010410,05125010411,05125010408,05119004103"
05119003404,4561,"05045030303,05119003403,05085020204,05085020201,05119003609,05085020106,05119003405,05119980300,05085020302"
05119004001,2547,"05119980400,05119004108,05119004107,05119002002,05119004006,05119000500,05119004007"
05119004006,3630,"05119004105,05119004004,05125010409,05119004106,05119004108,05119004001,05119004007"
05119004105,6096,"05119004104,05125010409,05119004106,05119004103,05119004006"
05119004201,2510,"05105952700,05045031102,05119004205,05119004213,05119004202"
05119003900,4503,"05119003800,05085020600,05085020700,05119980400,05119004005,05069002300,05119002700,05119004007"
05119003605,5703,"05119003608,05119003606,05119003707,05119003800,05119003406,05119003604"
05119004202,4167,"05105952800,05119004201,05119004213,05119004225,05125010507"
05019953602,4129,"05019953700,05059020702,05059020600,05059020500,05019953901,05019953800,05019953601"
05019953601,4915,"05019953602,05019953800"
05093010602,1710,"05093010601,05093011400,05093010200,05093010700"
05093010601,4296,"05093010100,05093010602,05093011400,05093010300,05093010200,05093010700"
05093010801,3256,"05031001000,05093010900,05093010802,05093010700"
05093010802,3703,"05093010801"
05125010515,2374,"05125010516,05051010401,05125010517"
05125010517,3040,"05105952900,05105952800,05125010516,05125010515,05051010401,05125010508,05125010507,05051012001"
05125010520,1763,"05119004220,05125010411,05125010519,05125010509"
05125010410,2546,"05125010106,05119004104,05125010407,05125010107,05125010411,05125010408"
05125010411,5700,"05119004104,05125010107,05125010410,05125010519,05125010520"
05125010107,6454,"05125010106,05125010410,05125010411,05125010519,05125010104,05125010511,05125010105"
05125010518,3250,"05125010519,05125010509,05125010511"
05123960201,2081,"05037950400,05123960202,05123960300,05123960400"
05123960202,3083,"05037950400,05037950100,05077470100,05123960500,05123960300,05123960201,05123960100,05123960600,05123960400"
05143010113,6955,"05143010110,05143011107,05143010108,05143011106,05143010112"
05143011005,4463,"05143010515,05143011006,05143011003,05143011002,05143010514"
05143010514,4060,"05143011005,05143010515,05143010508,05143010501,05143010513,05007021313,05143011002"
05143010511,5176,"05143010705,05143010405,05143010512,05143010703,05143010517,05143010501,05143010114"
05143010109,3726,"05143010305,05143010108,05143010112,05143010101,05087960100"
05143011107,4952,"05143010110,05143011105,05143011104,05143011003,05143011106,05143010113,05143011103"
05143010513,3890,"05007021313,05143011002,05143010514"
05143011302,3107,"05143010110,05143010111,05143010706,05143011104,05143011301,05143010704"
05143010515,6290,"05143010520,05143011005,05143010508,05143011006,05143010514"
05143010405,5119,"05143010511,05143010304,05143010404,05143010303"
05143011006,6522,"05143010520,05143010521,05143011105,05143011005,05143010515,05143011003"
05143010704,4333,"05143010706,05143010703,05143010602,05143011302,05143011301,05143010601"
05143010112,2897,"05143011106,05143010113,05143010109,05143011103,05087960300"
05143010518,4338,"05143010512,05143010519,05143010501"
05143010517,5483,"05143010511,05143010602,05143010516,05143010508,05143010501"
05143010602,4052,"05143010703,05143010517,05143010516,05143010601,05143010704"
05143011106,3734,"05143011107,05143010113,05143010112,05143011103"
05143010705,3502,"05143010115,05143010706,05143010107,05143010511,05143010703,05143010114"
05143011105,5116,"05143011104,05143011301,05143010601,05143011006,05143011003,05143011107"
05143011104,3753,"05143010110,05143011105,05143011302,05143011301,05143011107"
05143010703,3397,"05143010705,05143010706,05143010511,05143010602,05143010704"
05143010115,3044,"05143010705,05143010107,05143010114,05143010108"
05143010110,4675,"05143010111,05143010107,05143011104,05143011302,05143011107,05143010113"
05143010114,3153,"05143010705,05143010115,05143010511,05143010303,05143010108"
05143010512,4474,"05143010511,05143010518,05143010510,05143010519,05143010501,05143010404"
05143010307,4830,"05143010202,05143010304,05143010306,05143010305,05143011200,05143010303,05143010101"
05143010601,2927,"05143010602,05143010521,05143011105,05143011301,05143010704"
05143010404,2577,"05143010405,05143010512,05143010402,05143010510,05143010304,05143011200"
05143010304,4491,"05143010405,05143010404,05143010307,05143011200,05143010303"
05143010201,4163,"05143010401,05143010202,05143011200,05007021408"
05143010202,4133,"05143010201,05143010307,05143011200,05007021408,05143010101"
05143011301,6520,"05143011105,05143011104,05143011302,05143010601,05143010704"
05143010521,3473,"05143010520,05143010516,05143010601,05143011006"
05143010519,4984,"05007021317,05143010512,05143010518,05143010510,05143010501"
05143010303,5931,"05143010405,05143010304,05143010305,05143010307,05143010114,05143010108"
05143010108,6090,"05143010115,05143010107,05143010305,05143010114,05143010303,05143010113,05143010109"
05143010306,5007,"05143010305,05143010307,05143010101"
05143010305,6038,"05143010306,05143010307,05143010303,05143010108,05143010109"
05143010516,4185,"05143010602,05143010517,05143010521,05143010508"
05143010520,4165,"05143010521,05143010515,05143010508,05143011006"
05143010111,1794,"05143010110,05143010706,05143010107,05143011302"
05143010706,2128,"05143010705,05143010111,05143010107,05143010703,05143011302,05143010704"
05121960100,4009,"05121960302,05055480300,05021950300,05075470200,05121960202,05075470100,05121960301"
05131001101,4123,"05131000600,05131000700,05131000800,05131001001,05131001002,05131001102"
05131001201,3479,"05131000300,05131001001,05131001002,05131001202,05131001102"
05131001202,3242,"05131001201,05131001102,05131001310,05131001309"
05141460303,1613,"05141460304,05141460400,05141460301,05023480502,05023480201"
05141460304,2118,"05141460400,05141460303,05141460200,05141460100,05141460301"
05131001301,2579,"05033020501,05131000600,05131001102,05131001305"
05005950802,1847,"05005950300,05005950700,05005950801"
05005950801,4236,"05005950400,05005950300,05089960302,05005950900,05005950802"
05007020604,4571,"05007020606,05007020605,05007020501,05007020503,05007020607,05007020608,05007020903,05007020504"
05007020806,6750,"05007020606,05007020903,05007020905,05007020801,05007020803,05007020805,05007020904,05007020906"
05007020503,4727,"05007020607,05007020604,05007020504,05007020305,05007020401"
05037950400,2451,"05037950500,05037950600,05037950100,05037950300,05037950200,05123960202,05123960201"
05037950300,1355,"05037950400,05037950200,05111490600,05123960300,05067480401,05147490100"
05037950100,1058,"05037950400,05037950200,05035031000,05035031100,05035030701,05111490100,05123960202,05123960100"
05037950500,4408,"05037950400,05037950600,05037950200"
05037950600,4411,"05037950500,05037950400,05037950200"
05037950200,3150,"05037950500,05037950400,05037950600,05037950100,05037950300,05111490200,05111490502"
05059020500,5701,"05053470300,05059020600,05059020200,05059020300,05059020102,05059020400,05039970100,05019953602,05019953901"
05059020300,1914,"05059020500,05059020200,05059020400"
05059020600,3577,"05051010501,05059020702,05051011902,05059020500,05059020101,05059020200,05019953602"
05059020400,5350,"05059020500,05059020200,05059020300,05059020102"
05059020200,2903,"05059020600,05059020500,05059020101,05059020300,05059020102,05059020400"
05047950100,3520,"05087960300,05087960400,05071951700,05047950301,05047950202,05047950201,05033020101,05033020102,05033020402"
05121960202,4315,"05121960302,05121960201,05075470200,05121960100,05121960301"
05121960201,1948,"05075470200,05121960202,05135470100"
05125010519,4282,"05125010107,05125010411,05125010518,05125010520,05125010509,05125010511"
05093010900,2229,"05031001000,05111490100,05093011300,05093011200,05093011000,05093011100,05093010801,05093010700"
05093011300,1728,"05035030701,05111490100,05093011200,05093010900,05035030807"
05093010300,2451,"05093010100,05093010601,05093010200,05093010700"
05093010700,3652,"05093010900,05093010601,05093010602,05093011400,05093010801,05093010300,05093010200"
05093011200,1913,"05093011300,05093011000,05093011100,05093010900"
05093010200,5214,"05093010100,05093010601,05093010602,05093010300,05093010700"
05093011000,3818,"05093011200,05093011100,05093010900"
05093011100,3250,"05093011200,05093011000,05093010900"
05131010301,6441,"05131010202,05131010304,05131010201,05131001311,05131001306"
05131001305,4549,"05033020501,05131001102,05131001301,05131001308,05131001307"
05131000100,6116,"05033020501,05033020502,05131000600,05131000300,05131000200,05131000400,05131000501,05131000502"
05131000300,2334,"05131000800,05131001001,05131001201,05131000200,05131000100,05131000400"
05131000600,4801,"05033020501,05131000700,05131001101,05131001102,05131001301,05131000100,05131000502"
05131010102,6312,"05083950600,05083950400,05047950302,05127950100,05131010101,05131010202,05131010304,05131010201,05131010303"
05131010101,5921,"05047950302,05047950301,05033020401,05131010102,05033020402,05131001308,05131010201"
05131000200,5561,"05131000300,05033020302,05131000100"
05131001102,3275,"05131000600,05131001201,05131001202,05131001101,05131001301,05131001305,05131001307,05131001306"
05001480800,1236,"05069002300,05041950100,05041950200,05001480700,05001480100,05001480600,05079960600,05001480200"
05001480600,1700,"05001480800,05001480700,05001480100,05001480200"
05001480500,3821,"05001480400,05001480300,05001480200"
05001480200,1527,"05085020800,05001480500,05001480400,05001480300,05117460200,05117460300,05069002300,05001480800,05001480100,05001480600"
05001480700,2727,"05001480800,05001480100,05001480600"
05001480100,1224,"05117460300,05095950200,05095950300,05041950100,05001480800,05001480700,05001480600,05001480200,05107480600"
05083950100,3942,"05071952200,05071952000,05071952100,05149952401,05149952402,05149952302,05115950800,05071951800,05083950400,05083950200"
05083950300,3581,"05083950200"
05083950600,2845,"05149952500,05149952401,05083950500,05083950400,05127950100,05131010102"
05083950200,3631,"05083950100,05071951800,05083950400,05083950300,05047950301,05047950201"
05083950500,3951,"05083950600,05083950400"
05083950400,3181,"05149952401,05083950100,05083950500,05083950600,05047950302,05083950200,05047950301,05131010102"
05093011400,2203,"05093010601,05093010602,05093010700"
05125010101,3800,"05125010601,05125010602,05125010106,05125010303,05125010302,05125010104,05125010105"
05125010301,4772,"05125010302,05125010104,05125010511"
05125010405,4681,"05119004005,05053470100,05125010406,05119004004"
05133080200,4013,"05133080400,05133080300,05133080100,05113950600,05081030302,05081030301"
05133080400,2300,"05061950200,05133080200,05133080100,05061950100,05081030302"
05133080300,5947,"05133080200,05133080100"
05133080100,3579,"05133080400,05133080300,05133080200,05061950100,05113950600"
05129970200,3383,"05005950500,05089960100,05129970300,05129970100,05137950100"
05129970300,2233,"05141460100,05129970200,05129970100,05137950100"
05129970100,2212,"05089960100,05009790300,05101180100,05101180200,05141460100,05129970300,05129970200,05115950700"
05135470100,1760,"05121960201,05075470200,05135470300,05135470201,05049550102"
05135470300,3960,"05075470200,05135470401,05135470202,05135470100,05135470402,05135470201,05049550101,05065960100"
05007020201,4999,"05007020304,05007020402,05007020301,05007020206,05007020203,05007021407,05007021404,05007020102"
05007020501,5336,"05007020704,05007020605,05007020604,05007020504,05007020102"
05007020402,4687,"05007020401,05007020301,05007020206,05007020404,05007020201"
05027950200,4110,"05073470102,05027950100,05099090300,05027950302,05027950402,05027950401,05103950302"
05027950500,3233,"05027950100,05027950302,05027950402,05027950401"
05027950100,3907,"05027950500,05027950200,05027950301,05027950302,05103950302,05139950401,05139950402"
05085020205,4840,"05085020204,05085020202,05085020103,05085020206"
05119003713,4922,"05119004302,05119003703,05119003712,05119003704,05119003711,05119003707,05119003714,05119003406"
05007020301,4305,"05007020305,05007020304,05007020302,05007020402,05007020201"
05095950200,1933,"05095950100,05117460300,05095950300,05001480100"
05095950300,1756,"05123960300,05095950100,05107480201,05077470400,05077470200,05095950200,05001480100,05107480600,05107480202"
05095950100,3110,"05123960300,05147490100,05117460100,05117460300,05095950200,05095950300"
05007020302,4298,"05007020305,05007020401,05007020301"
05125010409,3115,"05119004105,05125010408,05125010406,05119004004,05119004006"
05115951000,4581,"05029950200,05115950700,05115951100,05115951201,05115950901,05115950902"
05115951100,3833,"05029950400,05029950300,05149952301,05115951000,05115951202,05115951201,05029950600"
05115951400,4515,"05115951504,05115951503,05115950901,05115951303,05115951302,05115951501,05115951601,05115950800"
05115951501,3703,"05115951400,05115951504,05115951503,05115951602,05149952302,05115951601,05115950800"
05115950700,3630,"05101180200,05029950200,05141460200,05141460100,05129970100,05115951000,05071952200,05115950800,05071951700,05115950902"
05115950800,4296,"05115950700,05115951400,05115950901,05071952200,05083950100,05149952302,05115951501,05115950902"
05091020802,2346,"05091020400,05091020600,05091020500,05091020702,05091980000,05091020902,05091021001"
05091020702,3642,"05091020802,05091020400,05091020200,05091020600,05091020701,05091020801,05091020100,05091980000"
05091020801,2976,"05091020702,05091020701,05091020100,05091980000,05091020902,05091020901"
05099090100,2153,"05057480302,05057480101,05099090200,05019953902,05057480400,05099090300,05103950200"
05099090200,4759,"05019953700,05109953500,05099090100,05057480101,05057480102,05019953902"
05099090300,1398,"05099090100,05073470102,05057480400,05027950200,05103950302"
05035030202,3400,"05035030602,05035030703,05035030201,05035030301"
05119004218,3288,"05119002407,05119004224,05119004222,05119004225,05119004223"
05007020205,6353,"05007020206,05007021406,05007020203,05007021407"
05065960200,4783,"05065960300,05065960400,05065960100,05049550202,05049550201"
05065960300,3080,"05005950500,05137950100,05065960200,05065960400,05049550202"
05065960400,2413,"05137950100,05063490101,05137950204,05137950201,05135470402,05065960300,05065960200,05065960100"
05065960100,3301,"05135470300,05135470402,05049550101,05065960200,05065960400,05049550201"
05081030200,2478,"05081030101,05081030302,05081030301"
05081030101,1981,"05081030200,05081030302,05081030103,05081030104"
05089960202,4014,"05005950500,05089960100,05089960201,05089960302,05005950900,05089960301"
05089960201,3299,"05089960100,05089960301,05009790200,05089960202"
05119002407,2544,"05119002405,05119004224,05119004218,05119004222,05119002410,05119002209,05119002208,05119002409"
05041950500,1895,"05041950100,05041950400,05041950200,05043490100"
05041950200,4119,"05041950100,05041950300,05041950500,05043490100,05001480800,05079960600"
05119001502,4096,"05119001501,05119004801,05119001600,05119003100,05119980200,05119003001,05119004400"
05007020102,7651,"05007020704,05007020501,05007020504,05007020304,05007020201,05007021404,05007020104,05007020103"
05007020704,4670,"05007020701,05007020703,05007020605,05007020501,05007020805,05007020102,05007020103"
05007020701,5783,"05007020703,05007020704,05007020803,05007020805,05007020103"
05007020805,4873,"05007020701,05007020606,05007020703,05007020704,05007020605,05007020806,05007020803"
05007020703,5103,"05007020701,05007020704,05007020805"
05007021405,2020,"05007021409,05007021404,05007020104,05015950201"
05007021409,2534,"05007021408,05007021407,05143010101,05007021405,05015950201,05087960100"
05007020206,7335,"05007020402,05007020404,05007021406,05007020205,05007020203,05007020201"
05007021407,4587,"05007021408,05007021406,05007020205,05007020203,05007021409,05007020201,05007021404"
05007020203,3031,"05007020206,05007020205,05007021407,05007020201"
05007021305,7458,"05007020906,05007021317,05007021316,05007021306,05007021312,05007021304,05007021003,05143010501"
05007020606,4299,"05007020605,05007020604,05007020806,05007020805"
05019953700,4115,"05097953200,05059020702,05059020701,05109953300,05109953500,05099090200,05019953902,05019953602,05019953901,05019953800"
05019953800,3544,"05019953700,05019953602,05019953901,05019953601"
05007020605,4485,"05007020606,05007020704,05007020501,05007020604,05007020805"
05007020801,4604,"05007020905,05007020806,05007020803"
05007021102,3498,"05007021101,05007021202,05007021313"
05119004219,5629,"05119004222,05119004228,05119004215,05119004214,05119004223,05119002206"
05007021404,3813,"05007021407,05007020201,05007020102,05007021405,05007020104"
05067480402,2941,"05031001200,05111490600,05067480300,05067480401,05067480100"
05067480401,1475,"05037950300,05111490600,05067480200,05067480300,05067480402,05147490100,05147490200,05067480500"
05051010501,4299,"05051010502,05125010508,05051011902,05051011602,05051011601,05059020600,05059020101"
05051011902,2564,"05051010501,05051011101,05059020702,05051011701,05051011901,05051011602,05059020600"
05051011101,4832,"05051011102,05097953200,05059020701,05051011201,05051011901,05051011902"
05051011102,4131,"05051010302,05051011101,05097953200,05051011001,05051011202"
05051010402,3762,"05051010601,05051010401,05051010502,05051010301,05051012001,05051012002,05051010700,05051011002,05051010800"
05051010301,4163,"05051010302,05051012001,05051011001,05051010402,05051011002"
05051011002,1887,"05051010301,05051011001,05051010402,05051010900"
05051010302,1875,"05051011102,05051010301,05051012001,05097953000"
05051011901,3538,"05051011101,05051011701,05051011201,05051011802,05051011902"
05051011701,3316,"05051011702,05051011801,05051011901,05051011802,05051011902,05051011602,05051011300"
05051011001,3728,"05051011102,05051010301,05051011202,05051011002,05051010900"
05051011702,1206,"05051011701,05051011500,05051011601,05051011300"
05051010602,2253,"05051010601,05051010700,05051011500"
05051011201,5244,"05051011101,05051011901,05051011202,05051011802"
05051011202,3891,"05051011102,05051011201,05051011001,05051011802,05051011300,05051010900"
05051010401,3903,"05125010516,05125010515,05125010517,05051010502,05125010508,05051012002,05051010402"
05051011801,2014,"05051011701,05051011802,05051011300"
05051011802,2265,"05051011701,05051011801,05051011201,05051011901,05051011202,05051011300"
05051010601,1537,"05051010502,05051010602,05051010700,05051011500,05051010402,05051011601"
05051010502,2196,"05051010601,05051010401,05051010501,05125010508,05051010402,05051011601"
05007020404,4953,"05007020405,05007020402,05007020206,05007021315"
05007021406,5918,"05007020206,05007021315,05007021408,05007020205,05007021407"
05007021308,6511,"05007021316,05007020405,05007021306,05007021315"
05031001101,4785,"05031000501,05031001102,05031000601,05031000701,05031001200,05055480601,05055480602"
05031001102,5014,"05031001101,05031000501,05031000502,05031000900,05031001000,05055480602"
05031000404,4832,"05031000401,05031000403,05031000805,05031000806"
05031000403,4797,"05031000401,05031000502,05031000102,05031000300,05031000404"
05031000806,3984,"05031000401,05031000900,05031000804,05031001200,05031000300,05031000404,05031000805,05031000803"
05031000805,3566,"05031000300,05031000404,05031000806"
05031000702,3763,"05031000602,05031000601,05031000804,05031000701,05031001200,05031000101,05031000200,05031000803"
05031000701,4002,"05031001101,05031000601,05031000702,05031001200"
05031000803,6004,"05031000804,05031000702,05031001200,05031000806"
05031000804,2870,"05031000702,05031000200,05031000300,05031000806,05031000803"
05139950800,3266,"05139950401,05139950900,05139950600,05139950700,05139950402"
05087960400,3315,"05087960300,05087960200,05087960100,05015950501,05101180100,05101180200,05071951700,05047950100"
05087960300,4974,"05143010112,05143011103,05087960200,05087960400,05087960100,05033020101,05047950100"
05087960200,4152,"05087960300,05087960400,05087960100"
05087960100,4080,"05143010109,05007021409,05143010101,05015950201,05087960300,05087960200,05087960400,05015950501"
05119002209,3468,"05119002210,05119002407,05119004222,05119002208,05119002206"
05119004215,5314,"05119002210,05119004205,05119004219,05119004214,05119002206"
05131010202,3839,"05131010102,05131010301,05131010304,05131010201"
05131010201,4969,"05131010101,05131010102,05131010202,05131010301,05131001307,05131001306"
05079960600,4908,"05079960300,05069002300,05069002500,05041950200,05041950300,05001480800"
05119004214,2875,"05119004205,05119004228,05119004219,05119004215"
05023480502,3672,"05141460400,05141460303,05045030202,05045030201,05023480501,05023480400,05023480203,05023480201"
05023480201,1452,"05141460303,05137950100,05141460301,05023480502,05023480203,05023480204"
05023480501,2944,"05045030202,05145070300,05145070200,05023480502,05023480400"
05085020206,4919,"05085020204,05085020103,05085020108,05085020205,05085020302"
05145071002,3856,"05045030202,05045030302,05145071201,05145071001,05085020106,05145070300"
05145070501,3494,"05145070700,05145070502,05145070600,05145070100,05145070200,05145070402"
05145071001,3365,"05145071202,05145071201,05145071102,05145070902,05145071002,05145070300"
05145071102,3025,"05145070802,05145071101,05145071202,05145071001,05145070902,05117460100"
05145071101,3117,"05145070802,05145070700,05145070502,05145070600,05147490200,05145071102,05117460100"
05145070802,2493,"05145070801,05145070700,05145071101,05145071102,05145070901,05145070902"
05145070502,2580,"05145071101,05145070501,05145070600"
05145070901,4508,"05145070802,05145070902,05145070402,05145070401"
05145070801,2747,"05145070802,05145070700,05145070402"
05145070902,4948,"05145070802,05145071102,05145071001,05145070901,05145070300,05145070401"
05145071202,5353,"05145071201,05145071102,05145071001,05117460100,05085020107,05085020102"
05145071201,5263,"05145071202,05145071001,05145071002,05085020106,05085020102"
05075470400,1360,"05031001200,05067480100,05075470501,05055480601,05075470300,05075470200,05075470100"
05075470200,4139,"05121960201,05075470300,05075470400,05121960202,05075470100,05121960100,05135470300,05135470401,05135470100"
05075470100,1584,"05075470501,05075470502,05055480601,05055480300,05075470200,05075470400,05121960100"
05075470300,1883,"05063490400,05063490102,05067480100,05075470200,05075470400,05135470401"
05135470202,3038,"05135470300,05135470201,05049550101"
05135470401,2946,"05063490102,05075470300,05075470200,05135470300,05135470402"
05135470402,3078,"05063490102,05063490101,05135470300,05135470401,05065960400,05065960100"
05135470201,2489,"05135470300,05135470202,05135470100,05049550101,05049550102"
05131000400,3411,"05131000700,05131000800,05131000300,05131000100,05131000501"
05131000501,5248,"05131000700,05131000100,05131000400,05131000502"
05131000502,3208,"05131000600,05131000700,05131000100,05131000501"
05131000700,5263,"05131000600,05131000800,05131001101,05131000400,05131000501,05131000502"
05131000800,3893,"05131000700,05131000300,05131001001,05131001101,05131000400"
05131001001,4828,"05131000800,05131000300,05131001002,05131001201,05131001101"
05131001002,2071,"05131001001,05131001201,05131001101"
05035030702,879,"05035031000,05035030701,05035030807,05035030703,05035030805,05035030806"
05035030806,4209,"05035030602,05035030807,05035030702,05035030805,05035030803"
05035030703,906,"05035031000,05035030602,05035030702,05035030202,05035030804,05035030805,05035030201,05035030803"
05035030807,1682,"05035030701,05093011300,05035030702,05035030806"
05035030102,2805,"05035031200,05035030101,05035030503,05035030201,05035030803"
05035031000,1211,"05037950100,05035031100,05035030701,05035030601,05123960100,05035030702,05035030703"
05035030101,1991,"05035030602,05035030102,05035030503,05035030803"
05139951000,4070,"05139950200,05139950502,05139950900,05139950600"
05139950100,2786,"05003960400,05139950200,05013480100,05011950500,05139950502,05003960700"
05139950200,3983,"05013480200,05013480100,05139950401,05103950301,05139950300,05139950100,05139950502,05139951000,05139950600"
05139950700,5167,"05139950401,05139950600,05139950800"
05139950600,3294,"05139950200,05139950900,05139951000,05139950700,05139950800"
05139950300,2190,"05139950200,05139950401,05103950301"
05139950900,2500,"05139950502,05139950501,05139951000,05139950600,05139950800,05139950402"
05035030701,886,"05037950100,05035031000,05035031100,05111490100,05093011300,05035030807,05035030702"
05035030803,1975,"05035030602,05035030102,05035030101,05035030703,05035030804,05035030805,05035030806,05035030201"
05035031200,1423,"05035030602,05035030102,05035030503,05035030302"
05041950100,1342,"05041950400,05041950200,05017080100,05041950500,05001480800,05001480100,05107480600"
05041950300,1247,"05079960300,05041950200,05043490100,05079960600"
05041950400,2792,"05041950100,05017080100,05017080200,05041950500,05043490100"
05035030201,5355,"05035030102,05035030703,05035030202,05035030803,05035030301,05035030302"
05035030301,3034,"05035030602,05035030202,05035030201,05035030302"
05035030302,2741,"05035030602,05035031200,05035030201,05035030301"
05105952700,5203,"05029950600,05105952800,05119004201,05029950500,05045031102,05045030504"
05105952900,1651,"05029950600,05105952800,05149952600,05149952500,05149952402,05125010517,05051012001"
05105952800,3165,"05105952900,05029950600,05105952700,05125010517,05125010507,05119004202"
05011950500,2455,"05003960200,05043490500,05011950200,05011950400,05013480100,05025970200,05011950300,05139950100,05003960700"
05011950400,1586,"05043490500,05011950100,05011950500,05011950300"
05011950100,2615,"05043490500,05011950200,05011950400,05025970200,05011950300"
05011950200,1914,"05011950100,05025970200,05011950500,05011950300"
05011950300,1975,"05011950200,05011950100,05011950400,05011950500"
05107480100,2531,"05077470100,05107480300,05107480400,05107480201"
05107480300,5069,"05107480500,05107480400,05107480100,05107480201,05107480202"
05107480400,1206,"05107480500,05107480300,05107480100,05107480600"
05107480500,2057,"05107480300,05107480400,05107480600,05107480202"
05107480600,1330,"05107480500,05107480400,05095950300,05041950100,05001480100,05107480202"
05035031100,2080,"05037950100,05035031000,05035030701"
05055480300,3177,"05055480601,05021950300,05055480401,05055480801,05055480200,05055480602,05075470100,05121960100"
05055480100,2929,"05055480502,05055480501,05055480200,05021950200,05021950100,05021950500,05055480602"
05055480200,4615,"05055480300,05055480401,05055480501,05055480100,05021950200"
05055480700,2092,"05055480502,05055480402,05055480802,05055480602"
05119003303,4651,"05119003308,05119003306,05119003703,05119003800,05119003307"
05143011200,2033,"05143010402,05143010401,05143010201,05143010202,05143010304,05143010404,05143010307"
05143010508,7663,"05143010520,05143010517,05143010516,05143010515,05143010501,05143010514"
05073470200,2654,"05091020901,05073470101,05073470102,05091021001,05091021002,05027950302"
05031001000,4008,"05031001102,05031000900,05111490100,05111490200,05093010900,05093010801,05055480602"
05031001200,4838,"05031001101,05031000900,05031000702,05031000701,05031000806,05031000803,05111490600,05111490502,05067480402,05067480100,05055480601,05075470400"
05031000900,5713,"05031000401,05031000502,05031001102,05031001000,05031001200,05031000806,05111490200,05111490300,05111490400,05111490502"
05031000601,7054,"05031001101,05031000501,05031000502,05031000602,05031000702,05031000701"
05119003607,5013,"05085020301,05119003608,05119003609,05119003606,05119003800,05085020600"
05119003608,4883,"05119003607,05119003609,05119003606,05119003605,05119003604"
05119004007,2454,"05119003900,05119980400,05119004005,05119004006,05119004001"
05119004205,4933,"05119002210,05119004307,05119004902,05119004311,05119004201,05045031102,05119004228,05119004215,05119004308,05119004214,05119004213,05119004229,05119002211"
05119003609,4478,"05119003608,05119003607,05119003404,05119980300,05119003604,05085020302"
05119003703,6580,"05119003303,05119003712,05119003704,05119003800,05119003713"
05119003704,3879,"05119003703,05119003711,05119003707,05119003800,05119003714,05119003713"
05119003707,4226,"05119003704,05119003711,05119003800,05119003713,05119003605"
05119004004,3480,"05119004005,05125010405,05125010406,05125010409,05119004006"
05119004107,3177,"05119004103,05119004108,05119002002,05119004001"
05119002203,5207,"05119004902,05119004901,05119002208,05119002211,05119002104,05119001600"
05079960300,2582,"05079960400,05069002500,05079960500,05041950300,05043490100,05043490500,05079960600"
05079960500,2240,"05079960300,05079960400"
05079960400,3211,"05079960300,05025970100,05069001901,05079960500,05043490500,05025970200"
05021950200,2047,"05021950300,05055480200,05055480100,05021950100,05021950500"
05021950100,1874,"05055480100,05021950200,05021950600,05021950500"
05021950600,3722,"05021950100"
05021950500,2028,"05055480100,05021950200,05021950100"
05021950300,1699,"05055480300,05021950400,05021950200,05121960100"
05021950400,3182,"05021950300"
05023480400,4319,"05023480302,05023480501,05145070200,05023480502,05023480100,05023480203,05023480301"
05023480100,3913,"05063490800,05145070200,05023480400,05023480203,05023480301,05063490701,05023480204,05137950201"
05089960100,4366,"05005950500,05089960201,05009790300,05129970200,05129970100,05089960202"
05073470102,1973,"05091020901,05073470101,05073470200,05057480400,05027950200,05099090300"
05073470101,1681,"05073470200,05073470102"
05119004902,3804,"05119004307,05119004901,05119004205,05119002211,05119002203,05119001600"
05119004228,2399,"05119004205,05119004219,05119004214,05119004213,05119004229,05119004223"
05119004222,2692,"05119002407,05119004218,05119004219,05119004223,05119002209,05119002206"
05119002210,1598,"05119004205,05119004215,05119002209,05119002208,05119002211"
05119002211,5441,"05119002210,05119004902,05119004205,05119002208,05119002203"
05119002410,3780,"05119002405,05119002407,05119002409,05119002403"
05119004310,4278,"05119004309,05119004302,05119004311,05045031102,05119004306"
05119003308,4304,"05119003303,05119003305,05119003307,05119002800,05119002900"
05017080400,2099,"05017080100"
05017080100,3331,"05003960400,05003960100,05041950100,05041950400,05017080400,05017080300,05017080200,05043490100"
05017080300,2634,"05017080100"
05017080200,2144,"05041950400,05017080100,05043490100"
05147490200,2395,"05067480401,05147490100,05145071101,05145070600,05145070100,05067480500,05117460100"
05147490100,3874,"05037950300,05123960300,05067480401,05095950100,05147490200,05117460100"
05023480203,2423,"05023480302,05023480502,05023480400,05023480100,05023480201,05023480204"
05023480302,2994,"05023480400,05023480203,05023480301"
05023480301,2060,"05023480302,05023480400,05023480100"
05023480204,934,"05137950100,05023480100,05023480203,05023480201,05137950203"
05091020901,2551,"05057480200,05081030103,05091020801,05091020902,05073470200,05073470102,05091021002,05057480400"
05091020902,5569,"05091020802,05091020801,05091980000,05091020901,05091021001,05091021002"
05091021001,3238,"05091020802,05091020902,05073470200,05091021002"
05091021002,4687,"05091020902,05091020901,05073470200,05091021001"
05111490502,3537,"05031000900,05037950200,05031001200,05111490600,05111490200,05111490501"
05113950202,3172,"05113950201,05127950300,05113950300,05113950100,05113950400"
05111490501,2699,"05111490502"
05113950201,2516,"05113950202,05113950300,05113950400"
05049550101,3338,"05135470300,05135470202,05135470201,05049550102,05065960100,05049550202,05049550201"
05049550202,2952,"05005950500,05005950600,05005950700,05049550101,05065960300,05065960200,05049550201"
05049550201,3379,"05049550101,05065960200,05065960100,05049550202"
05049550102,2406,"05135470100,05135470201,05049550101"
05131010304,3644,"05131010102,05131010202,05131010301,05131010303"
05131010303,2422,"05127950100,05131010102,05131010304"
05131001310,5273,"05131001202,05131001309,05131001311"
05131001307,3313,"05131001102,05131001305,05131001308,05131010201,05131001306"
05131001308,4126,"05033020401,05131010101,05033020501,05131001305,05131001307"
05131001309,1855,"05131001202,05131001310,05131001312,05131001306"
05131001311,3775,"05131010301,05131001310,05131001312,05131001306"
05131001312,3964,"05131001309,05131001311,05131001306"
05131001306,3964,"05131001102,05131010301,05131010201,05131001307,05131001309,05131001311,05131001312"
05019953901,1831,"05019953700,05019953902,05059020500,05039970100,05039970200,05019953602,05019953800,05103950200,05103950102"
05019953902,2912,"05019953700,05099090100,05099090200,05019953901,05103950200"
05013480200,2497,"05139950200,05013480100,05039970200,05103950500,05103950301,05103950102,05103950101"
05059020702,3727,"05019953700,05059020701,05051011902,05059020600,05019953602"
05059020101,4071,"05051010501,05125010508,05059020600,05059020200,05059020102"
05059020102,3411,"05125010514,05053470300,05059020500,05059020101,05059020200,05059020400"
05059020701,2386,"05051011101,05097953200,05019953700,05059020702"
05035030602,3696,"05035030601,05077470100,05035031200,05035030101,05035030503,05035030703,05035030202,05035030806,05035030803,05035030301,05035030302"
05035030601,759,"05035031000,05035030602,05077470100,05123960100"
05035030503,1400,"05035030602,05035030102,05035031200,05035030101"
05071952200,5489,"05115950700,05071952100,05083950100,05115950800,05071951700"
05071952100,3575,"05071952200,05071952000,05071951900,05083950100,05071951700"
05071952000,4287,"05071952100,05071951900,05083950100,05071951800"
05071951900,3343,"05071952000,05071952100,05071951800,05071951700"
05071951800,4356,"05071952000,05071951900,05083950100,05071951700,05083950200,05047950201"
05071951700,4699,"05087960400,05101180200,05115950700,05071952200,05071952100,05071951900,05071951800,05047950201,05047950100"
05061950200,4739,"05061950300,05133080400,05061950100,05057480102,05057480200,05081030302"
05061950100,3722,"05113950500,05109953500,05061950200,05133080400,05133080100,05109953400,05113950600,05057480102"
05061950300,4324,"05061950200,05057480102"
05057480101,2052,"05099090100,05057480302,05057480301,05057480102,05099090200"
05057480102,2785,"05109953500,05061950300,05061950200,05061950100,05057480301,05057480101,05099090200,05057480200,05057480500"
05057480302,3064,"05099090100,05057480301,05057480101,05057480500,05057480400"
05007020405,5479,"05007020401,05007021308,05007021306,05007020404,05007021315"
05057480301,2121,"05057480302,05057480101,05057480102,05057480500"
05081030302,1646,"05061950200,05133080400,05133080200,05057480200,05081030101,05081030200,05081030301,05081030103"
05081030301,1077,"05133080200,05081030200,05081030302"
05081030103,2081,"05057480200,05081030101,05081030302,05081030104,05091020901"
05081030104,2763,"05081030101,05081030103"
05119002208,2152,"05119002210,05119002407,05119002209,05119002409,05119002211,05119002203,05119002104,05119002103"
05119002103,3636,"05119002208,05119002409,05119002104,05119002403,05119001800,05119002102,05119980200"
05055480601,3231,"05031001101,05031001200,05055480300,05055480602,05075470400,05075470100"
05055480602,4528,"05031001101,05031001102,05031001000,05055480601,05055480300,05055480502,05055480801,05055480802,05055480700,05055480100"
05053470401,3585,"05053470200,05053470402"
05055480401,4506,"05055480300,05055480402,05055480501,05055480801,05055480200"
05055480502,3542,"05055480402,05055480501,05055480700,05055480100,05055480602"
05053470402,2334,"05053470200,05053470401"
05055480402,3083,"05055480401,05055480502,05055480501,05055480801,05055480802,05055480700"
05055480501,3680,"05055480401,05055480502,05055480402,05055480200,05055480100"
05001480400,2216,"05001480500,05001480300,05117460200,05117460300,05001480200"
05119003208,4497,"05119003202,05119980100,05119003207,05119003002"
05119003712,4041,"05119004302,05119003306,05119003703,05119003713"
05119001501,3956,"05119002104,05119001502,05119001600,05119980200"
05007020104,1710,"05007021404,05007020102,05007021405,05007020103,05015950201"
05007020905,3071,"05007020801,05007020806,05007020906,05007021001"
05007020904,6043,"05007020903,05007020806,05007020906,05007021304"
05007020906,5514,"05007020905,05007020806,05007020904,05007021305,05007021304,05007021003"
05007021312,4051,"05007021101,05007021305,05007021003,05007021004,05143010501,05007021313"
05007020103,5061,"05007020701,05007020704,05007020102,05007020104"
05007021003,3291,"05007020906,05007021001,05007021312,05007021305,05007021004"
05007021317,3681,"05007021314,05007021316,05007021305,05143010519,05143010501,05007021315"
05007021316,7193,"05007021317,05007021308,05007021306,05007021305,05007021315"
05007021313,3304,"05007021101,05007021312,05143010501,05007021102,05143010513,05143010514"
05007021004,4006,"05007021101,05007021312,05007021003,05007021201"
05007020903,5310,"05007020608,05007020604,05007020806,05007020904,05007021304"
05007020607,9451,"05007020503,05007020608,05007020604,05007020401,05007021306,05007021304"
05007021315,6275,"05007021314,05007021317,05007021316,05007021308,05007020405,05007020404,05007021406"
05007020608,3259,"05007020607,05007020903,05007020604,05007021304"
05007021314,3751,"05007021317,05143010510,05143010401,05007021315,05007021408"
05001480300,2698,"05001480500,05001480400,05117460300,05001480200"
05115951202,6002,"05149952301,05115951100,05115951201,05115951301,05115951602,05115951601"
05115951201,3403,"05115951000,05115951100,05115951202,05115950901,05115951303,05115951301"
05115950901,3138,"05115951400,05115951000,05115951201,05115951303,05115950800,05115950902"
05115950902,3800,"05115950700,05115951000,05115950901,05115950800"
05115951504,4051,"05115951400,05115951503,05115951501,05115951601"
05115951602,1330,"05149952301,05115951202,05149952302,05115951501,05115951601"
05115951503,2656,"05115951400,05115951504,05115951501"
05115951303,2832,"05115951400,05115951201,05115950901,05115951301,05115951302"
05115951301,1314,"05115951202,05115951201,05115951303,05115951302,05115951601"
05115951302,3786,"05115951400,05115951303,05115951301,05115951601"
05115951601,6511,"05115951400,05115951202,05115951504,05115951301,05115951302,05115951602,05115951501"
05015950502,5246,"05015950501,05015950400,05015950302,05009790400"
05015950202,2921,"05015950100,05015950201,05015950301,05015950400"
05015950501,2181,"05015950201,05087960400,05087960100,05015950301,05015950302,05015950502,05009790400,05101180100"
05015950301,3517,"05015950202,05015950201,05015950501,05015950400,05015950302"
05015950201,3496,"05007021409,05015950100,05007021405,05007020104,05015950202,05087960100,05015950501,05015950301"
05015950302,3661,"05015950501,05015950301,05015950400,05015950502"
05055480801,5213,"05055480300,05055480401,05055480402,05055480802,05055480602"
05119002104,4559,"05119002208,05119002203,05119002103,05119001501"
05013480100,2242,"05013480200,05139950200,05039970300,05025970200,05011950500,05139950100"
05033020207,4032,"05033020204,05033020205,05033020302,05033020208"
05033020101,2678,"05143011004,05143011103,05087960300,05047950100,05033020102,05033020601,05033020205,05033020206"
05033020205,3215,"05143011004,05033020101,05033020204,05033020206,05033020207"
05033020602,7293,"05033020401,05033020402,05033020601,05033020204"
05033020102,2703,"05033020101,05047950100,05033020402,05033020601"
05033020601,2574,"05033020101,05033020102,05033020402,05033020602,05033020204,05033020206"
05033020208,3838,"05033020204,05033020302,05033020207"
05033020206,2068,"05033020101,05033020601,05033020204,05033020205"
05103950102,2979,"05013480200,05039970200,05019953901,05103950400,05103950200,05103950101"
05103950301,1991,"05013480200,05139950200,05103950302,05139950401,05103950500,05139950300"
05103950302,2830,"05027950100,05027950200,05099090300,05139950401,05103950500,05103950600,05103950301,05103950200"
05103950101,1957,"05013480200,05103950500,05103950600,05103950400,05103950102"
05045030502,4989,"05045030401,05045030403,05045030701,05045030503,05045030600"
05045031006,4066,"05045031101,05045030404,05045030900,05045031008,05045031007,05045031102"
05069002400,3963,"05069000301,05069000502,05119004005,05069002300,05053470100,05069000303,05069000302"
05069002500,934,"05069000502,05079960300,05069002300,05069001901,05079960600,05069001000,05069000900"
05117460200,2568,"05117460100,05085020800,05085020400,05001480400,05117460300,05001480200"
05117460300,1927,"05095950100,05117460100,05001480400,05001480300,05117460200,05095950200,05001480100,05001480200"
05117460100,3787,"05147490100,05095950100,05145071101,05147490200,05145071202,05145071102,05085020107,05117460200,05117460300"
05085020202,3703,"05085020204,05085020201,05085020103,05085020205,05085020102"
05085020103,7514,"05085020202,05085020107,05085020108,05085020205,05085020206,05085020102"
05085020800,1042,"05069000102,05085020600,05085020700,05085020400,05117460200,05069002300,05001480200"
05085020700,2633,"05085020600,05119003900,05085020800,05069002300"
05085020201,3829,"05085020204,05085020202,05119003404,05085020105,05085020106"
05085020301,3725,"05119003607,05085020302,05085020600,05085020500"
05085020302,3833,"05085020301,05085020204,05119003609,05119003404,05085020107,05085020108,05085020206,05085020500,05085020400"
05085020400,2853,"05085020107,05085020302,05085020600,05085020500,05085020800,05117460200"
05085020600,1666,"05085020301,05119003607,05119003800,05085020500,05119003900,05085020700,05085020800,05085020400"
05085020204,6127,"05085020201,05085020202,05119003404,05085020205,05085020206,05085020302"
05085020102,6579,"05085020202,05145071202,05145071201,05085020107,05085020103,05085020105,05085020106"
05085020500,4566,"05085020301,05085020302,05085020600,05085020400"
05055480802,5140,"05055480402,05055480801,05055480700,05055480602"
05045030702,3660,"05045030701,05045030404,05045030900,05045030800"
05045031003,2441,"05045031001,05045031008,05045031007,05045030800,05045031102"
05045030701,3541,"05045030403,05045030702,05045030502,05045030600"
05045030202,2847,"05045030201,05045030302,05045030402,05045030301,05145071002,05145070300,05023480501,05023480502"
05045030201,3235,"05045030101,05141460400,05045030202,05045030102,05045030402,05023480502"
05005950400,3384,"05005950100,05005950300,05005950200,05005950900,05005950801"
05005950900,5507,"05005950500,05005950400,05005950100,05005950600,05089960302,05005950801,05089960202"
05005950500,5110,"05005950600,05089960100,05005950900,05129970200,05137950100,05065960300,05089960202,05049550202"
05005950100,4528,"05005950400,05005950600,05005950200,05005950900"
05005950600,3811,"05005950500,05005950100,05005950200,05005950700,05005950900,05049550202"
05005950200,4761,"05005950400,05005950100,05005950300,05005950600,05005950700"
05005950700,3356,"05005950300,05005950600,05005950200,05005950802,05049550202"
05005950300,5087,"05005950400,05005950200,05005950700,05005950801,05005950802"
05107480202,2069,"05107480500,05107480300,05107480201,05095950300,05107480600"
05107480201,2306,"05077470100,05107480300,05107480100,05077470400,05095950300,05107480202"
05119001600,6011,"05119004307,05119004902,05119004901,05119002203,05119980100,05119001501,05119001502,05119003100"
05119001800,3943,"05119002103,05119001300,05119002102,05119001900,05119980200"
05119001900,3934,"05119002001,05119001800,05119002102,05119001200"
05119002001,5475,"05119002405,05119004103,05119002406,05119002102,05119001900,05119002002,05119001200"
05119002002,4811,"05119004103,05119002001,05119004107,05119001100,05119000500,05119004001"
05119002403,3988,"05119002410,05119002409,05119002103,05119002406,05119002102"
05119002700,5811,"05119003800,05119003900,05119980400,05119002800,05119002600"
05119002800,1771,"05119003308,05119003800,05119003307,05119002700,05119002900,05119002600,05119002500"
05119002900,1141,"05119003308,05119003002,05119003305,05119002800,05119003001,05119002500"
05025970200,3415,"05079960400,05025970100,05043490500,05011950200,05011950100,05039970100,05013480100,05039970300,05011950500"
05025970100,4135,"05079960400,05053470100,05069002104,05069001901,05069002000,05039970100,05025970200"
05119003100,963,"05119980100,05119003002,05119001502,05119001600,05119003001"
05119003202,6997,"05119004302,05119003306,05119003207,05119003002,05119003305,05119003208"
05003960100,1488,"05003960400,05003960300,05003960200,05017080100,05043490100"
05003960300,4303,"05003960400,05003960100,05003960500,05003960200"
05003960700,1779,"05003960400,05003960600,05003960200,05011950500,05139950100"
05003960200,2449,"05003960600,05003960100,05003960500,05003960300,05043490500,05011950500,05003960700"
05003960500,2447,"05003960400,05003960600,05003960300,05003960200"
05003960600,5089,"05003960400,05003960500,05003960200,05003960700"
05003960400,1507,"05003960600,05003960100,05003960500,05003960300,05017080100,05139950100,05003960700"
05119002406,3004,"05119002405,05119002403,05119002001,05119002102"
05119002500,1732,"05119002800,05119002900,05119002600,05119003001,05119004400"
05119003606,2655,"05119003608,05119003607,05119003800,05119003605"
05119004108,5668,"05119004106,05119004107,05119004006,05119004001"
05119003800,4765,"05119003607,05119003606,05119003303,05119003703,05119003704,05119003707,05119003605,05085020600,05119003900,05119003307,05119002700,05119002800"
05119002102,4799,"05119002103,05119002403,05119002001,05119001800,05119002406,05119001900"
05119004103,3832,"05119002405,05119004226,05119004220,05119004105,05119004104,05119004106,05119002001,05119004107,05119002002"
05119000500,2234,"05119980400,05119004600,05119001100,05119002002,05119004001,05119004700"
05119001100,1984,"05119004500,05119001300,05119002002,05119000500,05119001200,05119004700"
05119001200,2359,"05119002001,05119001300,05119001900,05119001100"
05101180100,3420,"05087960400,05015950501,05009790400,05009790300,05101180200,05129970100"
05101180200,3805,"05087960400,05101180100,05129970100,05115950700,05071951700"
05119001300,1969,"05119004801,05119004500,05119001800,05119980200,05119001100,05119001200"
05119004302,5370,"05119004309,05119004307,05045030303,05045031101,05119004310,05119003202,05119003306,05119003712,05119003713,05119003406,05119003207"
05063490600,2909,"05063490500,05063490701,05063490101,05063490200"
05063490300,6338,"05063490400,05063490102,05063490500,05063490200"
05063490400,4545,"05063490300,05063490102,05063490500,05067480200,05067480100,05067480500,05063490800,05075470300"
05063490500,3074,"05063490702,05063490300,05063490400,05063490800,05063490600"
05063490200,2619,"05063490300,05063490102,05063490101,05063490600"
05063490800,4928,"05063490702,05063490400,05063490500,05145070100,05067480500,05145070200,05023480100,05063490701"
05109953400,2236,"05097953200,05109953300,05109953500,05061950100"
05109953300,3778,"05097953200,05019953700,05109953500,05109953400"
05109953500,4157,"05019953700,05109953300,05061950100,05109953400,05057480102,05099090200"
05077470400,1124,"05077470100,05107480201,05077470300,05077470200,05095950300"
05077470300,3698,"05077470100,05077470400,05077470200"
05077470200,1382,"05077470100,05123960300,05077470400,05077470300,05095950300"
05077470100,2396,"05035030602,05035030601,05123960202,05123960100,05107480100,05107480201,05077470400,05077470300,05077470200"
05039970100,1185,"05025970100,05053470100,05053470300,05053470200,05059020500,05039970300,05025970200,05039970200,05019953901"
05039970300,3724,"05039970100,05013480100,05025970200,05039970200"
05039970200,1573,"05039970100,05013480200,05039970300,05019953901,05103950102"
05137950100,3748,"05005950500,05141460100,05129970300,05129970200,05141460301,05023480201,05137950203,05137950204,05023480204,05065960300,05065960400"
05137950201,1660,"05023480100,05063490701,05137950203,05063490101,05137950204,05065960400"
05123960500,2954,"05123960202,05123960600,05123960400"
05123960300,2126,"05037950300,05123960202,05123960201,05147490100,05095950100,05077470200,05095950300"
05123960100,2202,"05037950100,05035031000,05035030601,05077470100,05123960202"
05123960600,6679,"05123960500,05123960202,05123960400"
05123960400,3965,"05123960500,05123960202,05123960201,05123960600"
05027950301,1298,"05027950100,05027950302"
05027950302,3460,"05073470200,05027950100,05027950500,05027950200,05027950301,05027950402"
05027950402,2189,"05027950500,05027950200,05027950302,05027950401"
05027950401,4604,"05027950500,05027950200,05027950402"
05031000102,3718,"05031000502,05031000602,05031000403,05031000101,05031000300"
05031000401,6540,"05031000502,05031000900,05031000403,05031000404,05031000806"
05031000501,8250,"05031001101,05031000502,05031001102,05031000601"
05029950100,4975,"05045030104,05045030101,05141460400,05029950300,05029950200,05141460200,05029950500"
05029950200,3341,"05029950300,05029950100,05141460200,05115950700,05115951000"
05029950300,5453,"05029950400,05029950200,05029950100,05115951100,05029950500"
05029950400,2429,"05029950300,05115951100,05029950600,05029950500"
05029950600,1904,"05029950400,05149952301,05115951100,05105952900,05105952800,05105952700,05029950500,05149952402"
05029950500,2613,"05045030401,05045030103,05045030503,05029950400,05029950300,05029950100,05029950600,05105952700,05045030504"
05143010401,7381,"05007021314,05143010402,05143010510,05143010201,05143011200"
05143010510,4812,"05007021314,05143010512,05143010402,05143010519,05143010401,05143010404"
05045031008,4773,"05045031003,05045031006,05045031007,05045031102"
05045030503,4825,"05045030401,05045030502,05045030600,05029950500,05045030504"
05045030504,7257,"05045031001,05045030503,05045030600,05105952700,05029950500,05045031102"
05045031007,3797,"05045031003,05045031006,05045031008,05045030800"
05031000502,6517,"05031000401,05031000501,05031001102,05031000900,05031000102,05031000602,05031000403,05031000601"
05031000101,3700,"05031000102,05031000602,05031000702,05031000200,05031000300"
05119003306,3597,"05119004302,05119003202,05119003303,05119003712,05119003305"
05007021001,5265,"05007020905,05007021003"
05057480200,2156,"05061950200,05057480102,05057480500,05081030302,05081030103,05091020901,05057480400"
05007021201,4894,"05007021101,05007021004,05007021202"
05057480500,4157,"05057480302,05057480301,05057480102,05057480200,05057480400"
05057480400,3730,"05099090100,05057480302,05057480200,05057480500,05091020901,05073470102,05099090300"
05119002206,3776,"05119004222,05119004219,05119004215,05119002209"
05119004306,5671,"05119004309,05119004311,05119004310,05119004308"
05119004400,1942,"05119980400,05119004600,05119001502,05119004801,05119004500,05119002600,05119003001,05119002500,05119004700"
05119004700,3357,"05119004600,05119004500,05119004400,05119001100,05119000500"
05119004600,2446,"05119980400,05119004400,05119000500,05119004700"
05007021202,3521,"05007021101,05007021201,05007021102"
05119003711,5953,"05119003704,05119003707,05119003714,05119003713"
05125010507,3707,"05105952800,05119004225,05125010512,05125010511,05125010517,05125010508,05119004202"
05007020401,7286,"05007020503,05007020607,05007020305,05007020302,05007020405,05007021306,05007020402"
05127950100,4104,"05149952500,05083950600,05127950200,05131010102,05131010303,05127950300"
05127950200,3850,"05127950100,05127950300"
05127950300,1882,"05149952600,05127950100,05127950200,05113950202,05097953100,05113950100"
05143010501,6666,"05007021317,05007021312,05007021305,05143010511,05143010512,05143010518,05143010519,05143010517,05143010508,05007021313,05143010514"
05145070402,4231,"05145070801,05145070700,05145070501,05145070901,05145070200,05145070401"
05145070401,5850,"05145070901,05145070902,05145070300,05145070200,05145070402"
05045031101,4780,"05119004302,05045030303,05045030301,05045031006,05045030404,05045031102"
05045030303,4810,"05119004302,05045030302,05119003403,05045031101,05045030301,05119003404,05085020106,05119003406"
05045030302,6189,"05045030202,05045030303,05045030301,05145071002,05085020106"
05045030103,3741,"05045030401,05045030104,05045030102,05029950500"
05045030404,2631,"05045030403,05045031101,05045030301,05045031006,05045030702,05045030900"
05045030104,5576,"05045030103,05045030101,05045030102,05029950100"
05045030101,3310,"05045030104,05141460400,05045030201,05045030102,05029950100"
05045031102,4900,"05045031001,05045031003,05045031101,05045031006,05119004311,05119004310,05045031008,05105952700,05119004201,05045030504,05119004205"
05045030102,5990,"05045030103,05045030104,05045030101,05045030201,05045030402"
05045030401,2580,"05045030103,05045030402,05045030403,05045030503,05045030502,05029950500"
05045030402,4136,"05045030401,05045030202,05045030201,05045030102,05045030403,05045030301"
05045030800,6249,"05045031001,05045031003,05045030702,05045030900,05045031007,05045030600"
05045030600,5336,"05045031001,05045030701,05045030503,05045030502,05045030800,05045030504"
05045030900,3908,"05045031006,05045030702,05045030404,05045030800"
05045031001,4033,"05045031003,05045030800,05045030600,05045031102,05045030504"
05045030403,3954,"05045030401,05045030402,05045030301,05045030701,05045030404,05045030502"
05045030301,5944,"05045030202,05045030302,05045030402,05045030403,05045030303,05045031101,05045030404"
05051010700,1552,"05051010601,05051010602,05051011500,05051010402,05051010800"
05051011602,5178,"05051010501,05051011701,05051011902,05051011601"
05051011601,6242,"05051010601,05051010502,05051010501,05051011702,05051011500,05051011602"
05051011300,4726,"05051011702,05051011701,05051011801,05051011400,05051011202,05051011802,05051010900"
05051010900,3356,"05051011400,05051011001,05051011202,05051011002,05051011300,05051010800"
05051011500,2135,"05051010601,05051011702,05051010602,05051010700,05051011400,05051011601,05051010800"
05051010800,2248,"05051010700,05051011500,05051011400,05051010402,05051010900"
05051011400,3373,"05051011500,05051011300,05051010900,05051010800"
05125010408,6977,"05119004104,05125010407,05125010410,05125010409"
05091020100,3864,"05091020200,05091020702,05091020701,05091020801"
05143010402,5119,"05143010510,05143010401,05143010404,05143011200"
05143010107,6040,"05143010705,05143010110,05143010115,05143010111,05143010706,05143010108"
05143011002,4933,"05143011005,05143011003,05143011004,05143010513,05143010514"
05143010101,4900,"05143010202,05143010306,05143010307,05143010109,05007021408,05007021409,05087960100"
05143011103,4074,"05143011003,05143011004,05143011107,05143011106,05143010112,05087960300,05033020101"
05143011003,4942,"05143011105,05143011005,05143011006,05143011004,05143011002,05143011107,05143011103"
05143011004,3661,"05143011003,05143011002,05143011103,05033020101,05033020205"
05091980000,32,"05091020802,05091020702,05091020801,05091020902"
05089960302,3119,"05005950900,05089960301,05005950801,05089960202"
05089960301,2028,"05089960201,05089960302,05009790200,05089960202"
05031000602,6117,"05031000502,05031000102,05031000601,05031000702,05031000101"
05075470502,4579,"05075470501,05075470100"
05075470501,2671,"05075470502,05075470400,05075470100"
05069001402,2117,"05069000301,05069001401,05069001300,05069001501,05069002103"
05069002000,5573,"05025970100,05069002104,05069001901,05069001800,05069001501,05069001502"
05069000302,35,"05069000301,05069000303,05069002400"
05069000900,180,"05069001901,05069002500,05069001903,05069001000"
05069001401,1416,"05069000301,05069000502,05069000303,05069001402"
05069000102,0,"05085020800,05069002300"
05069002300,2227,"05069000502,05069000102,05119003900,05085020700,05085020800,05069002500,05001480800,05079960600,05001480200,05069002400"
05069000303,32,"05069000301,05069000502,05069000302,05069001401,05069002400"
05031000200,4115,"05031000804,05031000702,05031000101,05031000300"
05069001000,1289,"05069000502,05069002500,05069001200,05069000900,05069001700"
05069001200,1668,"05069000502,05069001000,05069001600,05069001300,05069001502"
05069001300,1333,"05069000502,05069001200,05069001402,05069001501"
05069001501,3394,"05069002104,05069002000,05069001402,05069001300,05069001502,05069002103"
05069001502,3289,"05069001200,05069001600,05069002000,05069001800,05069001501"
05031000300,7044,"05031000102,05031000403,05031000804,05031000101,05031000200,05031000805,05031000806"
05069001600,2604,"05069001200,05069001700,05069001800,05069001502"
05069001700,2116,"05069001903,05069001000,05069001600,05069001800"
05069001800,3096,"05069001903,05069001600,05069001700,05069002000,05069001502"
05141460301,1525,"05141460304,05141460303,05141460100,05137950100,05023480201"
05069001903,2086,"05069001901,05069000900,05069001700,05069001800"
05069002103,5144,"05069000301,05053470100,05069002104,05069001402,05069001501"
05121960302,3979,"05121960202,05121960100,05121960301"
05121960301,4320,"05121960302,05121960202,05121960100"
05113950300,2433,"05113950201,05113950202,05113950100,05113950500,05113950400"
05113950100,3994,"05113950202,05127950300,05097953100,05097953200,05113950300,05113950500,05113950400"
05113950600,2107,"05113950500,05133080200,05133080100,05061950100"
05113950500,1948,"05097953200,05113950300,05113950100,05061950100,05113950600"
05113950400,3051,"05113950201,05113950202,05113950300,05113950100"
